"Site","gentrifying","vulnerable","City","geometry"
"BC_03",FALSE,FALSE,"scut",c(-111.76256, 40.62304)
"BC_07",FALSE,FALSE,"scut",c(-111.72723, 40.63565)
"BC_08",FALSE,FALSE,"scut",c(-111.71469, 40.63243)
"BC_10",FALSE,FALSE,"scut",c(-111.69379, 40.62894)
"BC_11",FALSE,FALSE,"scut",c(-111.68695, 40.62135)
"BC_12",FALSE,FALSE,"scut",c(-111.67922, 40.61111)
"BC_18.2019",FALSE,FALSE,"scut",c(-111.6508, 40.63898)
"BC_24.2019",FALSE,FALSE,"scut",c(-111.6336, 40.65134)
"BC_25",FALSE,FALSE,"scut",c(-111.6285, 40.6601)
"BC_26.2019",FALSE,FALSE,"scut",c(-111.6584, 40.6661)
"BC_28.2019",FALSE,FALSE,"scut",c(-111.63661, 40.63269)
"BC_33.2019",FALSE,FALSE,"scut",c(-111.61426, 40.62191)
"BC_34",FALSE,FALSE,"scut",c(-111.62067, 40.61339)
"BC_38.2019",FALSE,FALSE,"scut",c(-111.5694, 40.60884)
"BC_40.2019",FALSE,FALSE,"scut",c(-111.59772, 40.5959)
"BC_42.2019",FALSE,FALSE,"scut",c(-111.58072, 40.58248)
"Big Cottonwood Regional Park Wetlands.2019",FALSE,FALSE,"scut",c(-111.8621, 40.6812)
"Bonneville Golf Course.2019",FALSE,FALSE,"scut",c(-111.82602, 40.74598)
"CC_01",FALSE,FALSE,"scut",c(-111.87816, 40.79028)
"CC_05",FALSE,FALSE,"scut",c(-111.84598, 40.80946)
"CC_06.2019",FALSE,FALSE,"scut",c(-111.83475, 40.81452)
"CC_09",FALSE,FALSE,"scut",c(-111.80322, 40.82426)
"CC_11",FALSE,FALSE,"scut",c(-111.78076, 40.82702)
"CC_13.2019",FALSE,FALSE,"scut",c(-111.7619, 40.84031)
"CC_14.2019",FALSE,FALSE,"scut",c(-111.7484, 40.8336)
"Creekside Park.2019",FALSE,TRUE,"scut",c(-111.84863, 40.6656)
"Crestwood Park.2019",FALSE,FALSE,"scut",c(-111.84114, 40.61404)
"DC_01",FALSE,TRUE,"scut",c(-111.83017, 40.78442)
"DC_03.2019",FALSE,TRUE,"scut",c(-111.81991, 40.78883)
"DD_05.2019",FALSE,TRUE,"scut",c(-111.84956, 40.56102)
"DD_06.2019",FALSE,TRUE,"scut",c(-111.8599, 40.56486)
"DD_07.2019",TRUE,TRUE,"scut",c(-111.8706, 40.5692)
"EM_01",FALSE,TRUE,"scut",c(-111.80105, 40.75114)
"EM_04",FALSE,FALSE,"scut",c(-111.7537, 40.7694)
"EM_05",FALSE,FALSE,"scut",c(-111.74828, 40.77681)
"EM_08",FALSE,FALSE,"scut",c(-111.70087, 40.80789)
"General Holm Park N.2019",TRUE,TRUE,"scut",c(-111.92099, 40.68912)
"JR_02",TRUE,TRUE,"scut",c(-111.9418, 40.8149)
"JR_06.2019",TRUE,TRUE,"scut",c(-111.9362, 40.7895)
"JR_07",FALSE,TRUE,"scut",c(-111.91963, 40.74972)
"JR_08",TRUE,TRUE,"scut",c(-111.92445, 40.73713)
"JR_09",TRUE,TRUE,"scut",c(-111.9247, 40.72901)
"JR_12.2019",FALSE,FALSE,"scut",c(-111.90679, 40.55569)
"JR_13.2019",FALSE,FALSE,"scut",c(-111.91584, 40.55063)
"JRP_02",TRUE,TRUE,"scut",c(-111.91275, 40.59184)
"LC_02",FALSE,FALSE,"scut",c(-111.76409, 40.57186)
"LC_07",FALSE,FALSE,"scut",c(-111.7096, 40.5704)
"LC_09.2019",FALSE,FALSE,"scut",c(-111.69088, 40.57329)
"LC_12.2019",FALSE,FALSE,"scut",c(-111.67933, 40.54349)
"LC_14",FALSE,FALSE,"scut",c(-111.66931, 40.57762)
"LC_15",FALSE,FALSE,"scut",c(-111.66171, 40.56954)
"LC_16.2019",FALSE,FALSE,"scut",c(-111.65896, 40.58279)
"LC_18",FALSE,FALSE,"scut",c(-111.65088, 40.58828)
"LC_20",FALSE,FALSE,"scut",c(-111.62676, 40.5925)
"LC_22.2019",FALSE,FALSE,"scut",c(-111.61378, 40.57499)
"Little Confluence.2019",TRUE,TRUE,"scut",c(-111.90869, 40.66421)
"Lost Lad.2019",FALSE,FALSE,"scut",c(-111.88379, 40.81164)
"MC_02",FALSE,FALSE,"scut",c(-111.7696, 40.69101)
"MC_06",FALSE,FALSE,"scut",c(-111.7422, 40.70657)
"MC_08",FALSE,FALSE,"scut",c(-111.7202, 40.6986)
"MC_09.2019",FALSE,FALSE,"scut",c(-111.71385, 40.68981)
"MC_14",FALSE,FALSE,"scut",c(-111.68488, 40.69925)
"MC_15",FALSE,FALSE,"scut",c(-111.67468, 40.69527)
"MC_18",FALSE,FALSE,"scut",c(-111.64748, 40.68412)
"MC_19",FALSE,FALSE,"scut",c(-111.63618, 40.68459)
"MC_21",FALSE,FALSE,"scut",c(-111.60749, 40.68374)
"MCBC_03.2019",FALSE,FALSE,"scut",c(-111.76384, 40.67415)
"MCBC_04.2019",FALSE,FALSE,"scut",c(-111.75004, 40.67228)
"MCBC_05.2019",FALSE,FALSE,"scut",c(-111.78111, 40.58945)
"MCBC_10.2019",FALSE,FALSE,"scut",c(-111.70158, 40.65384)
"Mount Wire Ridgeline.2019",FALSE,FALSE,"scut",c(-111.79693, 40.7713)
"Oxbow.2019",TRUE,TRUE,"scut",c(-111.9257, 40.70165)
"Parley's Point.2019",FALSE,FALSE,"scut",c(-111.80226, 40.72059)
"PC_01",FALSE,FALSE,"scut",c(-111.7903, 40.7103)
"PC_02.2019",FALSE,FALSE,"scut",c(-111.77692, 40.72046)
"PC_03.2019",FALSE,FALSE,"scut",c(-111.7579, 40.73129)
"PC_04",FALSE,FALSE,"scut",c(-111.73885, 40.74137)
"PC_06.2019",FALSE,FALSE,"scut",c(-111.71936, 40.5435)
"PC_08.2019",FALSE,FALSE,"scut",c(-111.7083, 40.7168)
"PC_09.2019",FALSE,FALSE,"scut",c(-111.71705, 40.75231)
"PC_14",FALSE,FALSE,"scut",c(-111.68932, 40.77702)
"PC_15",FALSE,FALSE,"scut",c(-111.6813, 40.78571)
"PC_16.2019",FALSE,FALSE,"scut",c(-111.68027, 40.7493)
"PC_17",FALSE,FALSE,"scut",c(-111.67848, 40.8036)
"PC_18.2019",FALSE,FALSE,"scut",c(-111.67878, 40.8122)
"PC_20.2019",FALSE,FALSE,"scut",c(-111.6891, 40.82634)
"PC_22",FALSE,FALSE,"scut",c(-111.69013, 40.74483)
"PC_26",FALSE,FALSE,"scut",c(-111.66509, 40.7288)
"PC_27",FALSE,FALSE,"scut",c(-111.65747, 40.71977)
"PC_29",FALSE,FALSE,"scut",c(-111.64026, 40.71964)
"PC_31.2019",FALSE,FALSE,"scut",c(-111.61758, 40.71482)
"RB_08",FALSE,FALSE,"scut",c(-111.78236, 40.79116)
"RB_09",FALSE,FALSE,"scut",c(-111.77442, 40.79879)
"RB_10",FALSE,FALSE,"scut",c(-111.76513, 40.80407)
"Spring Gulch",FALSE,FALSE,"scut",c(-111.8434, 40.7849)
"Sunnyside Park.2019",FALSE,TRUE,"scut",c(-111.83939, 40.75171)
"Upper Hell Canyon",FALSE,FALSE,"scut",c(-111.8897, 40.8029)
"WF_02.2019",TRUE,TRUE,"scut",c(-111.85996, 40.63282)
"WF_03.2019",FALSE,TRUE,"scut",c(-111.86188, 40.6572)
