"Site","City","Long","Lat","Crs"
"01_T01","phaz2",-111.555294518739,33.5514712091694,"4326"
"02_T02","phaz2",-111.567687386778,33.5494880479288,"4326"
"03_T03","phaz2",-111.580407326238,33.5554414823248,"4326"
"04_T04","phaz2",-111.59117804894,33.5492880074351,"4326"
"05_T05","phaz2",-111.602115402442,33.5474721742455,"4326"
"06_T06","phaz2",-111.607875063682,33.5566480836227,"4326"
"07_T07","phaz2",-111.619675085937,33.5571909822003,"4326"
"1-01_AF14","phaz",-111.5989138,33.537521725,"4326"
"1-02_EME","phaz",-112.31010405,33.352568655,"4326"
"1-03_EMW","phaz",-112.37429855,33.30190943,"4326"
"1-04_J9","phaz",-112.5632023,33.707752465,"4326"
"1-05_MCS","phaz",-111.7188024,33.6444876,"4326"
"1-06_T21","phaz",-112.13771485,33.31043167,"4326"
"1-07_UMP","phaz",-111.606586,33.45378783,"4326"
"1-08_V9","phaz",-112.05078925,33.745192075,"4326"
"1-09_W19","phaz",-111.99989415,33.361047575,"4326"
"1-10_GOAT","phaz",-112.5082847,33.57163074,"4326"
"10_T10","phaz2",-111.652607559811,33.5486277822633,"4326"
"11_T11","phaz2",-111.662713082633,33.5453319556171,"4326"
"12_T12","phaz2",-111.670913852233,33.5389590798652,"4326"
"13_T13","phaz2",-111.667896002343,33.5293599655033,"4326"
"15_T15","phaz2",-111.684908844029,33.5142593587589,"4326"
"16_V01","phaz2",-111.87521820866,33.4367395644444,"4326"
"17_V02","phaz2",-111.891204155117,33.4364284759557,"4326"
"19_V04","phaz2",-111.916415759344,33.439181704935,"4326"
"2-01_AF19","phaz",-111.61901455,33.35784798,"4326"
"2-02_E12","phaz",-112.7776082,33.6235125,"4326"
"2-03_EMP","phaz",-112.37172195,33.36515965,"4326"
"2-04_I17","phaz",-112.57751885,33.440902175,"4326"
"2-05_MCN","phaz",-111.69472235,33.72471128,"4326"
"2-06_PWP","phaz",-112.01579785,33.56492955,"4326"
"2-07_SMW","phaz",-112.07949715,33.339722225,"4326"
"2-08_TONTO","phaz",-111.61088305,33.559651405,"4326"
"2-09_U13","phaz",-112.08329935,33.598358985,"4326"
"2-10_WTM","phaz",-112.49888315,33.606017665,"4326"
"20_V05","phaz2",-111.924317893331,33.429789893437,"4326"
"21_V06","phaz2",-111.946987728502,33.4354382073818,"4326"
"22_V07","phaz2",-111.958890993597,33.4352618755223,"4326"
"23_N01","phaz2",-111.981602525,33.4308009204684,"4326"
"24_N02","phaz2",-111.993323328921,33.4266023039908,"4326"
"25_N03","phaz2",-112.006821870434,33.423638343042,"4326"
"3-01_AC16","phaz",-111.71758765,33.48034069,"4326"
"3-02_AVE35","phaz",-112.1333857,33.410132405,"4326"
"3-03_DBG","phaz",-111.94307775,33.45592097,"4326"
"3-04_O17","phaz",-112.33967735,33.42151834,"4326"
"3-05_R10","phaz",-112.2019167,33.68898107,"4326"
"3-06_S9","phaz",-112.17958455,33.717427975,"4326"
"3-07_SME","phaz",-111.98630355,33.374771475,"4326"
"3-08_W18","phaz",-111.9998174,33.38548893,"4326"
"3-09_X12","phaz",-111.96211465,33.62957163,"4326"
"3-10_Y10","phaz",-111.918885,33.672831305,"4326"
"36_N07","phaz2",-112.14129357322,33.4101987633741,"4326"
"37_N08","phaz2",-112.152375096559,33.4083522881954,"4326"
"38_N09","phaz2",-112.165223841776,33.4078291233184,"4326"
"39_N10","phaz2",-112.177701206739,33.4008010283833,"4326"
"4-01_AB20","phaz",-111.77987505,33.33583214,"4326"
"4-02_AE19","phaz",-111.64999285,33.38122947,"4326"
"4-03_R13","phaz",-112.22269865,33.591828965,"4326"
"4-04_RIO","phaz",-112.0759879,33.42137934,"4326"
"4-05_S14","phaz",-112.17087825,33.551472095,"4326"
"4-06_V16","phaz",-112.0496774,33.47120972,"4326"
"4-07_ASUW","phaz",-112.16570545,33.607800045,"4326"
"4-08_Z20","phaz",-111.86338075,33.349891695,"4326"
"4-09_AA17","phaz",-111.8055104,33.454728595,"4326"
"4-10_AC19","phaz",-111.7054839,33.387420035,"4326"
"40_N11","phaz2",-112.190601382023,33.3982183700623,"4326"
"41_V15","phaz2",-112.223593541024,33.3910121782691,"4326"
"42_V16","phaz2",-112.24358396848,33.3898218184925,"4326"
"43_V17","phaz2",-112.257903874862,33.3896510221838,"4326"
"5-01_AD18","phaz",-111.67298475,33.387960665,"4326"
"5-02_AB18","phaz",-111.78038635,33.411232025,"4326"
"5-03_R14","phaz",-112.20268095,33.54972814,"4326"
"5-04_Y19","phaz",-111.911384,33.376699355,"4326"
"5-05_T14","phaz",-112.10641085,33.549811055,"4326"
"5-06_S16","phaz",-112.15612135,33.46972037,"4326"
"5-07_TYARD","phaz",-111.97650115,33.40930208,"4326"
"5-08_X18","phaz",-111.92719195,33.41843064,"4326"
"5-09_U17","phaz",-112.070917,33.453980665,"4326"
"5-10_V17","phaz",-112.03231215,33.43726132,"4326"
"A01-RES1","ioio",-91.6449005539428,41.8074195123336,"4326"
"A01-WMA1","ioio",-91.6517499187819,41.7988515984087,"4326"
"A01-WMA2","ioio",-91.6932693363237,41.8116476108622,"4326"
"A01-WMA3","ioio",-91.6744280635559,41.8140596264477,"4326"
"A02-FUH1","ioio",-91.6479287074797,41.7602312230862,"4326"
"A02-MET1","ioio",-91.6099576185788,41.7706216742359,"4326"
"A02-RES2","ioio",-91.6377804272713,41.7929175401394,"4326"
"A02-WMA4","ioio",-91.6598311390518,41.7754591275939,"4326"
"A03-CNA1","ioio",-91.591379349729,41.7447904495023,"4326"
"A03-JOY1","ioio",-91.6021808103719,41.7368799048537,"4326"
"A03-YSC1","ioio",-91.5966489092191,41.7226283336279,"4326"
"A04-AUB1","ioio",-91.5772724562278,41.7130491799818,"4326"
"A04-DOV1","ioio",-91.5557790378971,41.707870727543,"4326"
"A04-PEN1","ioio",-91.5598513872315,41.6744706352574,"4326"
"A04-WAT1","ioio",-91.5508699596626,41.6882579399184,"4326"
"A05-BEN1","ioio",-91.5483795867379,41.649919159131,"4326"
"A05-CRE1","ioio",-91.5078097008123,41.651157520755,"4326"
"A05-SAN1","ioio",-91.546149854872,41.6657506106448,"4326"
"A05-SHI1","ioio",-91.5293511262456,41.6802288120504,"4326"
"A06-SHP1","ioio",-91.5251081540104,41.6309693739369,"4326"
"A06-SYC1","ioio",-91.5034521709015,41.6276282540705,"4326"
"A06-SYC2","ioio",-91.5031791277514,41.6172484852949,"4326"
"A06-TTB1","ioio",-91.5278776268345,41.6195487343706,"4326"
"A07-CCG2","ioio",-91.5951814899471,41.6839009763363,"4326"
"A07-UIO1","ioio",-91.581429638866,41.6695178387294,"4326"
"A08-PET1","ioio",-91.5041891533539,41.7442485623562,"4326"
"A08-RES3","ioio",-91.5441178146137,41.7250706593635,"4326"
"A08-RES4","ioio",-91.5230175879391,41.7245784112604,"4326"
"A08-TCP1","ioio",-91.5170606074765,41.7424692835568,"4326"
"A09-HRP1","ioio",-91.5920722154441,41.6506695481084,"4326"
"A09-KEN1","ioio",-91.594030124474,41.6408017303644,"4326"
"A09-TOK1","ioio",-91.6085296925127,41.6399375591773,"4326"
"A09-WCP1","ioio",-91.5670220114633,41.6425407463312,"4326"
"A10-ACT1","ioio",-91.4979000094615,41.6822418036604,"4326"
"A10-GIL1","ioio",-91.4859714744918,41.6995176012961,"4326"
"A10-HHP1","ioio",-91.511051564443,41.6755983192307,"4326"
"A10-HPR1","ioio",-91.4886185141775,41.675899089503,"4326"
"ALP","jams",-90.2208022250819,32.2777086641565,"4326"
"ARH1","slmo",-90.18738927,38.621242,"4326"
"ASP","wide",-75.556767895,39.77226942,"4326"
"AUTX-C01-EML","autx",-97.83463,30.34375,"4326"
"AUTX-C01-WBP","autx",-97.8185675,30.313088,"4326"
"AUTX-C02-BOG","autx",-97.7122803941299,30.2700393238402,"4326"
"AUTX-C02-EAS","autx",-97.7312085697135,30.2899881732512,"4326"
"AUTX-C02-PEA","autx",-97.753561,30.284232,"4326"
"AUTX-C02-RBI","autx",-97.7867795,30.2909185,"4326"
"AUTX-C02-ROY","autx",-97.70617,30.24436,"4326"
"AUTX-C02-ZIL","autx",-97.77658,30.27233,"4326"
"AUTX-C03-HOR","autx",-97.65006,30.2151,"4326"
"AUTX-C03-MON","autx",-97.6904607592205,30.2315782386059,"4326"
"AUTX-C03-ONI","autx",-97.61216,30.19906,"4326"
"AUTX-H02-BLU","autx",-97.7477283234805,30.2328611462187,"4326"
"AUTX-WL1-DEL","autx",-97.7411499634177,30.2594000049509,"4326"
"AUTX-WL10-HIG","autx",-97.7135006372837,30.3351195756896,"4326"
"AUTX-WL8-WRI","autx",-97.7256979254841,30.3139302996624,"4326"
"AUTX-WL9-REI","autx",-97.718599468539,30.3270324673839,"4326"
"AUTX_BCG","autx",-97.78541,30.25653,"4326"
"AUTX_BRDP","autx",-97.6727506394813,30.2573503003616,"4326"
"AUTX_BRP","autx",-97.8435679984018,30.1660499447558,"4326"
"AUTX_CF","autx",-97.891559535,30.336878425,"4326"
"AUTX_CRWS","autx",-97.6949002638842,30.2472393078894,"4326"
"AUTX_DNP","autx",-97.7513118435638,30.2732306473738,"4326"
"AUTX_EBCGB","autx",-97.6829992184433,30.2623592709,"4326"
"AUTX_EW/FG","autx",-97.72793,30.24981,"4326"
"AUTX_MFBCP","autx",-97.7645798876361,30.281749993691,"4326"
"AUTX_SONP","autx",-97.8652417288962,30.1601917105863,"4326"
"AUTX_TNP","autx",-97.76015,30.29651,"4326"
"AUTX_WBCG","autx",-97.7584308046734,30.2564084360518,"4326"
"B-TP","tawa",-122.552319799911,47.2525103247301,"4326"
"BAP","jams",-90.2043116124504,32.2862698273592,"4326"
"BBP1","slmo",-90.341261525,38.580067815,"4326"
"BC_02","scut",-111.772585,40.6204,"4326"
"BC_03","scut",-111.76258,40.62304,"4326"
"BC_05","scut",-111.743818,40.6237585,"4326"
"BC_07","scut",-111.727215,40.63565,"4326"
"BC_08","scut",-111.714695,40.63243,"4326"
"BC_09","scut",-111.704775,40.63301,"4326"
"BC_10","scut",-111.693795,40.62894,"4326"
"BC_11","scut",-111.686925,40.62135,"4326"
"BC_12","scut",-111.67921,40.61111,"4326"
"BC_14","scut",-111.684595,40.64183,"4326"
"BC_15","scut",-111.67319,40.6436,"4326"
"BC_17","scut",-111.654915,40.65142,"4326"
"BC_18.2019","scut",-111.6508,40.63898,"4326"
"BC_20","scut",-111.65658,40.62589,"4326"
"BC_21","scut",-111.65268,40.61243,"4326"
"BC_24.2019","scut",-111.6336,40.65134,"4326"
"BC_25","scut",-111.6285,40.6601,"4326"
"BC_26","scut",-111.6381,40.6663,"4326"
"BC_26.2019","scut",-111.6584,40.6661,"4326"
"BC_28.2019","scut",-111.636605,40.63269,"4326"
"BC_30.2019","scut",-111.617315,40.63904,"4326"
"BC_31","scut",-111.6045,40.63029,"4326"
"BC_33.2019","scut",-111.61428,40.62191,"4326"
"BC_34","scut",-111.620685,40.61339,"4326"
"BC_36","scut",-111.591915,40.61649,"4326"
"BC_37.2019","scut",-111.583075,40.61271,"4326"
"BC_38.2019","scut",-111.5694,40.60884,"4326"
"BC_40","scut",-111.561125,40.59362,"4326"
"BC_40.2019","scut",-111.59771,40.5959,"4326"
"BC_41","scut",-111.584875,40.59626,"4326"
"BC_42.2019","scut",-111.58071,40.58248,"4326"
"BCP","wide",-75.5791080701468,39.8005500926035,"4326"
"BDL","boma",-71.1248984744169,42.202089416782,"4326"
"BDP1","slmo",-90.48924056,38.537202005,"4326"
"BEN1","slmo",-90.223880075,38.596979695,"4326"
"Berg","autx",-97.6701416820984,30.1724386473398,"4326"
"BGP","jams",-90.3464388263926,32.3291923473647,"4326"
"Big Cottonwood Regional Park Wetlands.2019","scut",-111.8621,40.6812,"4326"
"BKP","wide",-75.70729844,39.622600725,"4326"
"BNC","boma",-71.1002192712335,42.289650517265,"4326"
"BNP","wide",-75.646799695,39.66584141,"4326"
"BNP3","wide",-75.593709725,39.71784243,"4326"
"Bonneville Golf Course.2019","scut",-111.82601,40.74598,"4326"
"BOP","jams",-90.1518889729008,32.3357701056682,"4326"
"BRA","boma",-71.0698277779283,42.0882518225691,"4326"
"BRD1","boma",-71.1093922751029,42.0876096910186,"4326"
"BRD2","boma",-71.111020692618,42.1066922234885,"4326"
"BRG","wide",-75.679670275,39.64267952,"4326"
"BRP","jams",-90.1060192184749,32.2967682672947,"4326"
"BSU","boma",-70.9623807283904,41.9833821182317,"4326"
"C04-MBP1","chil",-87.57339236,41.713082495,"4326"
"C05-BEA1","chil",-87.587210955,41.65419939,"4326"
"C05-BMP1","chil",-87.575108465,41.69479103,"4326"
"C05-BMP2","chil",-87.564860535,41.68574785,"4326"
"C05-EGG1","chil",-87.526349715,41.68809962,"4326"
"C05-SPA1","chil",-87.5635187735111,41.6680991638574,"4326"
"C06-BEA2","chil",-87.58174007,41.64524823,"4326"
"C06-HMP1","chil",-87.569918355,41.65680892,"4326"
"CBP2","wide",-75.5811193826916,39.7356922923806,"4326"
"CC_02","scut",-111.874375,40.79792,"4326"
"CC_03","scut",-111.86768,40.80489,"4326"
"CC_05","scut",-111.84599,40.80946,"4326"
"CC_06.2019","scut",-111.834725,40.81452,"4326"
"CC_08","scut",-111.814775,40.81972,"4326"
"CC_09","scut",-111.80321,40.82426,"4326"
"CC_10","scut",-111.790595,40.82547,"4326"
"CC_13","scut",-111.7618,40.83016,"4326"
"CC_13.2019","scut",-111.7619,40.84031,"4326"
"CC_14.2019","scut",-111.7484,40.8336,"4326"
"CHP1","slmo",-90.29112945,38.61450184,"4326"
"CHS","jams",-90.1576384407298,32.3563687545677,"4326"
"CLN","jams",-90.3183413266526,32.3430288237577,"4326"
"CMP","wide",-75.592469925,39.695688085,"4326"
"Creekside Park.2019","scut",-111.848615,40.6656,"4326"
"Crestwood Park.2019","scut",-111.84112,40.61404,"4326"
"CRN","jams",-90.0994296005072,32.4744183311934,"4326"
"CWP","wide",-75.63557974,39.678069275,"4326"
"D02-BMT1","chil",-87.66977964,41.91433801,"4326"
"D02-HUP0","chil",-87.699049575,41.90585867,"4326"
"D02-JBS1","chil",-87.63999025,41.948891775,"4326"
"D02-MDU1","chil",-87.6330678,41.964781845,"4326"
"D02-MOP1","chil",-87.72430874,41.91858246,"4326"
"D02-RCP1","chil",-87.69329179,41.941092495,"4326"
"D02-SCP1","chil",-87.685898715,41.922969195,"4326"
"D03-AFP1","chil",-87.716529955,41.94666128,"4326"
"D03-AMP1","chil",-87.74820075,41.96850941,"4326"
"D03-CHP1","chil",-87.762349615,41.942459285,"4326"
"D03-GOM1","chil",-87.73063223,41.97527893,"4326"
"D03-HOR1","chil",-87.694739625,41.95758099,"4326"
"D03-NPV1","chil",-87.728340975,41.98593913,"4326"
"D03-STB1","chil",-87.66563959,41.96962033,"4326"
"D04-DNP1","chil",-87.784231635,41.96512976,"4326"
"D04-EDW0","chil",-87.76464115,41.990980035,"4326"
"D04-FGP1","chil",-87.754520245,41.977289725,"4326"
"D04-RDP1","chil",-87.785598065,41.98961184,"4326"
"D04-ROS0","chil",-87.68932021,41.98771967,"4326"
"D05-ADC2","chil",-87.7944913076227,42.0021490798886,"4326"
"D05-BRP1","chil",-87.807108345,42.009450025,"4326"
"D05-MIA1","chil",-87.79567162,42.024217525,"4326"
"D05-PRC1","chil",-87.83187795,42.02154006,"4326"
"D06-KCG1","chil",-87.853288045,42.07983026,"4326"
"D07-ASC0","chil",-87.886629745,42.059851815,"4326"
"D07-NOC1","chil",-87.87945243,42.09431896,"4326"
"D08-CCC1","chil",-87.92248118,42.15870211,"4326"
"D08-DAW0","chil",-87.893779445,42.12577956,"4326"
"D08-DAW2","chil",-87.901450615,42.135300925,"4326"
"D09-CLG0","chil",-87.9176407,42.1876588425,"4326"
"D09-RYW1","chil",-87.90419241,42.17759095,"4326"
"D09-VTC1","chil",-87.92926855,42.20377767,"4326"
"D10-CAN0","chil",-87.93847881,42.240070945,"4326"
"D10-MAC1","chil",-87.927530055,42.25476222,"4326"
"D10-VHC1","chil",-87.947357865,42.222651495,"4326"
"DAN","boma",-71.1615491530386,42.3172298755805,"4326"
"DC_01","scut",-111.830185,40.78442,"4326"
"DC_03.2019","scut",-111.819905,40.78883,"4326"
"DD_01","scut",-111.826023,40.5585815,"4326"
"DD_05.2019","scut",-111.84958,40.56102,"4326"
"DD_06.2019","scut",-111.8599,40.56486,"4326"
"DD_07.2019","scut",-111.8706,40.5692,"4326"
"DEC","wide",-75.560471645,39.722607625,"4326"
"E01-CHE1","deco",-104.968210043487,39.734520023982,"4326"
"E01-CON1","deco",-104.955120085521,39.729289901417,"4326"
"E01-CPE1","deco",-104.941224815372,39.7507502115259,"4326"
"E01-CPW1","deco",-104.959019784239,39.7458098323653,"4326"
"E01-SGP1","deco",-104.992714980999,39.7306100653814,"4326"
"E02-FTP1","deco",-104.899495218588,39.7521902185833,"4326"
"E02-LIN1","deco",-104.93172018665,39.7336098078715,"4326"
"E02-MCN1","deco",-104.899109789991,39.7439501470191,"4326"
"E02-MON1","deco",-104.908720053905,39.7345299875541,"4326"
"E02-VER1","deco",-104.890795020518,39.7347498217072,"4326"
"E03-CWP1","deco",-104.826524813125,39.7543199829314,"4326"
"E03-DMP1","deco",-104.848109708366,39.7230900952024,"4326"
"E03-GEN1","deco",-104.846114718382,39.7422398399124,"4326"
"E03-SAC1","deco",-104.840384743322,39.756459944281,"4326"
"E03-SPG1","deco",-104.859515162262,39.7434701713888,"4326"
"E04-APM1","deco",-104.798300165402,39.726989819269,"4326"
"E04-SCR1","deco",-104.772024737612,39.7350198087373,"4326"
"E04-SKE1","deco",-104.794799976383,39.7442200125468,"4326"
"E04-SKW1","deco",-104.802580195484,39.7528300505366,"4326"
"E04-TER1","deco",-104.768480108389,39.7481302264256,"4326"
"EM_01","scut",-111.801075,40.75114,"4326"
"EM_02","scut",-111.747385,40.7453,"4326"
"EM_03","scut",-111.7771,40.76467,"4326"
"EM_04","scut",-111.7537,40.7694,"4326"
"EM_05","scut",-111.74829,40.77681,"4326"
"EM_08","scut",-111.700885,40.80789,"4326"
"EMG1","slmo",-90.43272136,38.547150025,"4326"
"EVR","boma",-71.1642421428874,42.3397198733284,"4326"
"FLW","wide",-75.614941665,39.82279085,"4326"
"FOP","jams",-90.1778191595394,32.3410410026528,"4326"
"FRP","jams",-90.1210980170237,32.4132414376649,"4326"
"FRP1","slmo",-90.30217239,38.586649335,"4326"
"FVW","boma",-71.1404892314212,42.2448312798647,"4326"
"FZS","wide",-75.62025842,39.697521655,"4326"
"G-AGC","tawa",-122.468976672692,47.2412419901917,"4326"
"G-CBP1","tawa",-122.426813297825,47.1883195115232,"4326"
"G-CLP2","tawa",-122.510497402995,47.2456021175329,"4326"
"G-FP1","tawa",-122.480006559116,47.2466018815504,"4326"
"G-JP","tawa",-122.489797129778,47.2573579108666,"4326"
"G-KP","tawa",-122.508396990338,47.2698524410995,"4326"
"G-OTP","tawa",-122.476812282637,47.1879196798031,"4326"
"G-SB","tawa",-122.529984771068,47.2982000976046,"4326"
"G-SERA","tawa",-122.491194949807,47.2027905301801,"4326"
"G-SP","tawa",-122.480809953375,47.2108510777451,"4326"
"G-TNC2","tawa",-122.49030053374,47.2403505519323,"4326"
"G-VP","tawa",-122.520008167873,47.2798911631145,"4326"
"G-WLP2","tawa",-122.471520056727,47.1776501540309,"4326"
"G-WP2","tawa",-122.45848478786,47.1983589011191,"4326"
"GAS","jams",-90.1912792029323,32.3254716481891,"4326"
"General Holm Park N.2019","scut",-111.920995,40.68912,"4326"
"GLD","boma",-71.0868897711583,42.2744688960383,"4326"
"GLP","wide",-75.730618635,39.60993143,"4326"
"GRC","jams",-90.1827877173496,32.3103180885845,"4326"
"GRN","jams",-90.088898876834,32.4883293662137,"4326"
"GRT","boma",-70.917981310012,41.9641310889074,"4326"
"J01-BBS1","chil",-87.61051021,41.84834969,"4326"
"J01-CLP1","chil",-87.652199685,41.913282175,"4326"
"J01-LMP1","chil",-87.61053833,41.837170865,"4326"
"J01-NOR1","chil",-87.607907955,41.860800825,"4326"
"J01-SEP1","chil",-87.63898788,41.901420095,"4326"
"J01-SKP1","chil",-87.661008585,41.879890475,"4326"
"J01-UIC1","chil",-87.64608765,41.86897203,"4326"
"JR_02","scut",-111.9418,40.8149,"4326"
"JR_06.2019","scut",-111.9362,40.7895,"4326"
"JR_07","scut",-111.919615,40.74972,"4326"
"JR_08","scut",-111.924425,40.73713,"4326"
"JR_09","scut",-111.9247,40.72901,"4326"
"JR_12.2019","scut",-111.906795,40.55569,"4326"
"JR_13.2019","scut",-111.91582,40.55063,"4326"
"JRP_02","scut",-111.912775,40.59184,"4326"
"JSC","wide",-75.577999005,39.811899665,"4326"
"KWP1","slmo",-90.421751105,38.58123842,"4326"
"LAC1","jams",-90.2899513590143,32.3361994064527,"4326"
"LAF1","slmo",-90.21728819,38.61520112,"4326"
"LAP","jams",-90.1617987381659,32.3166991125336,"4326"
"LC_01","scut",-111.77579,40.5718,"4326"
"LC_02","scut",-111.764095,40.57186,"4326"
"LC_07","scut",-111.7096,40.5704,"4326"
"LC_09.2019","scut",-111.69089,40.57329,"4326"
"LC_12.2019","scut",-111.679315,40.54349,"4326"
"LC_13","scut",-111.67958,40.57446,"4326"
"LC_14","scut",-111.669305,40.57762,"4326"
"LC_15","scut",-111.661705,40.56954,"4326"
"LC_16.2019","scut",-111.65898,40.58279,"4326"
"LC_17","scut",-111.6474,40.57717,"4326"
"LC_18","scut",-111.65089,40.58828,"4326"
"LC_20","scut",-111.62678,40.5925,"4326"
"LC_22.2019","scut",-111.61379,40.57499,"4326"
"LEN","jams",-90.1552404646247,32.3233114559182,"4326"
"LIP","jams",-90.1318379910828,32.4597409524521,"4326"
"Little Confluence.2019","scut",-111.908695,40.66421,"4326"
"LKL1","slmo",-90.21347108,38.62592144,"4326"
"LMC","wide",-75.56655972,39.798980655,"4326"
"LMR2","wide",-75.6825509082853,39.6619089891748,"4326"
"Lost Lad.2019","scut",-111.883795,40.81164,"4326"
"LRAR-ALS1","lrar",-92.3182179132084,34.7620712768249,"4326"
"LRAR-BUR1","lrar",-92.3277178186823,34.7952198959406,"4326"
"LRAR-BUR2","lrar",-92.3080898009638,34.7878978920764,"4326"
"LRAR-BUR3","lrar",-92.3080607109174,34.8030475240579,"4326"
"LRAR-COM1","lrar",-92.3953985160211,34.8258718918453,"4326"
"LRAR-CON1","lrar",-92.233462121867,34.7623800368923,"4326"
"LRAR-COO1","lrar",-92.3559289076203,34.7968175828652,"4326"
"LRAR-CPL1","lrar",-92.2569706222423,34.74737816516,"4326"
"LRAR-DDT1","lrar",-92.1674199023347,34.6733020570834,"4326"
"LRAR-DDT2","lrar",-92.1457014129662,34.6644083998179,"4326"
"LRAR-EAS1","lrar",-92.2424108979679,34.7434095428219,"4326"
"LRAR-EMR1","lrar",-92.2953376564269,34.7723112328955,"4326"
"LRAR-KNO1","lrar",-92.3022823576709,34.7568411478009,"4326"
"LRAR-MAU1","lrar",-92.4368999133953,34.8334686697346,"4326"
"LRAR-MUR1","lrar",-92.3511916799632,34.7885820257807,"4326"
"LRAR-MUR2","lrar",-92.3329707919348,34.7846090075126,"4326"
"LRAR-OTT1","lrar",-92.1638217286271,34.7335183376503,"4326"
"LRAR-PIN1","lrar",-92.469782463636,34.8455191370441,"4326"
"LRAR-PIN2","lrar",-92.4511080874452,34.8433606921158,"4326"
"LRAR-REB1","lrar",-92.3224603641148,34.7814819997407,"4326"
"LRAR-RIC1","lrar",-92.1983288656118,34.71670775761,"4326"
"LRAR-RIV1","lrar",-92.2681405282175,34.7493388275188,"4326"
"LRAR-ROS1","lrar",-92.2012518390758,34.7519816309105,"4326"
"LRAR-SHE1","lrar",-92.251432466418,34.7579815599792,"4326"
"LRAR-TMP1","lrar",-92.266947750541,34.7412123304036,"4326"
"LRAR-TRP1","lrar",-92.4097196559303,34.8109724968432,"4326"
"LRAR-TRP2","lrar",-92.3914693918124,34.8143108796907,"4326"
"LRAR-TRP3","lrar",-92.3861098825734,34.8041875958615,"4326"
"LRAR-WIL1","lrar",-92.1402222956524,34.7002590735974,"4326"
"M01-PRG1","inin",-86.1412490876359,39.7443878260628,"4326"
"M01-SAP1","inin",-86.1286106029014,39.7417195577238,"4326"
"M02-BCF1","inin",-86.1406175999948,39.7727797812788,"4326"
"M02-OBP1","inin",-86.1402579931904,39.7882294907473,"4326"
"M02-SBP2","inin",-86.1196719477265,39.7859695223286,"4326"
"M03-FCP1","inin",-86.1429719928248,39.8111611208897,"4326"
"M03-GWP1","inin",-86.1183312356351,39.8165722805274,"4326"
"M03-ISD1","inin",-86.1397776187341,39.8334616441243,"4326"
"M04-BAS1","inin",-86.1284012311189,39.8541217989898,"4326"
"M04-FRP1","inin",-86.1602316845089,39.8612183533759,"4326"
"M04-MAP1","inin",-86.1404492219315,39.8864910376905,"4326"
"M05-ISB2","inin",-86.1452584012556,39.894659476092,"4326"
"M05-SDC1","inin",-86.1504601427476,39.9170502165225,"4326"
"M05-SGC1","inin",-86.1314286314382,39.9247815171152,"4326"
"M06-MCP1","inin",-86.1324078235782,39.9507278640287,"4326"
"M06-PGC1","inin",-86.1531000948214,39.9457099443177,"4326"
"M07-CAC1","inin",-86.1292021381003,39.9900995939262,"4326"
"M07-CCT1","inin",-86.1363679962603,40.0091398279378,"4326"
"M07-WFD1","inin",-86.124729994721,40.0086199468616,"4326"
"M08-FTP1","inin",-86.1203090858545,40.0494976370929,"4326"
"M08-MMT2","inin",-86.1410208704996,40.0396301345741,"4326"
"M08-WGP1","inin",-86.1416698332814,40.060868936862,"4326"
"MAN","jams",-90.0968496288878,32.456052118764,"4326"
"MAP","jams",-90.1601311397396,32.3733724203724,"4326"
"MAR","wide",-75.591031675,39.832018025,"4326"
"MAS","jams",-90.0689321285195,32.5203214232581,"4326"
"MAWI-M01-AMF1","mawi",-91.4879419461169,0.000389267686835481,"4326"
"MC_01","scut",-111.781715,40.68947,"4326"
"MC_02","scut",-111.7696,40.69101,"4326"
"MC_06","scut",-111.7422,40.70657,"4326"
"MC_08","scut",-111.7202,40.6986,"4326"
"MC_09.2019","scut",-111.713825,40.68981,"4326"
"MC_10","scut",-111.709,40.6821,"4326"
"MC_11","scut",-111.70878,40.69664,"4326"
"MC_12","scut",-111.6987,40.70128,"4326"
"MC_14","scut",-111.68489,40.69925,"4326"
"MC_15","scut",-111.67469,40.69527,"4326"
"MC_17","scut",-111.65618,40.68827,"4326"
"MC_18","scut",-111.64749,40.68412,"4326"
"MC_19","scut",-111.63619,40.68459,"4326"
"MC_21","scut",-111.607495,40.68374,"4326"
"MCBC_02","scut",-111.7888,40.63926,"4326"
"MCBC_03.2019","scut",-111.76382,40.67415,"4326"
"MCBC_04.2019","scut",-111.75002,40.67228,"4326"
"MCBC_05.2019","scut",-111.781105,40.58945,"4326"
"MCBC_09.2019","scut",-111.710515,40.64991,"4326"
"MCBC_10.2019","scut",-111.70159,40.65384,"4326"
"MEP1","slmo",-90.20268142,38.62899938,"4326"
"MFC","jams",-89.9804713439877,-37.9823508420908,"4326"
"MFP","jams",-90.18359826913,32.3002378097198,"4326"
"MIP","jams",-90.1789375602847,32.3262798683941,"4326"
"MLP1","slmo",-90.48898967,38.54674966,"4326"
"MOC","jams",-90.1267506704326,32.4768485145822,"4326"
"MON","jams",-90.0763498541681,32.5338396759697,"4326"
"Mount Wire Ridgeline.2019","scut",-111.796915,40.7713,"4326"
"MRP","wide",-75.526902135,39.768531955,"4326"
"MUS","boma",-71.1373576417619,42.1644391885701,"4326"
"NAC","jams",-90.1207593305809,32.4475886818056,"4326"
"NACAP-VA-ANC1","naca",-77.0766812306069,38.8825223875329,"4326"
"NCAP-DC-ARB1","naca",-76.9579407357173,38.9092486626394,"4326"
"NCAP-DC-BEH1","naca",-77.009171727078,38.8185795795476,"4326"
"NCAP-DC-BHP1","naca",-76.9715887995401,38.9389499727203,"4326"
"NCAP-DC-CHA1","naca",-76.9459716197886,38.8903287100034,"4326"
"NCAP-DC-CON1","naca",-76.9764503680019,38.8815916806327,"4326"
"NCAP-DC-FBP1","naca",-77.0774222019915,38.9052187084705,"4326"
"NCAP-DC-FDU1","naca",-76.9422313128323,38.8744786503582,"4326"
"NCAP-DC-FSP1","naca",-77.0145978055312,38.9604703196288,"4326"
"NCAP-DC-KEN1","naca",-76.9422790661837,38.9159222216012,"4326"
"NCAP-DC-NAT1","naca",-77.0378003381643,38.9050387508005,"4326"
"NCAP-DC-NSP1","naca",-77.0608090093118,38.921578643005,"4326"
"NCAP-DC-OLV1","naca",-76.9803192672398,38.9123108639749,"4326"
"NCAP-DC-PBP1","naca",-76.9648190892131,38.8771614467011,"4326"
"NCAP-DC-RCC1","naca",-77.0166114775666,38.9461477658817,"4326"
"NCAP-DC-RCP1","naca",-77.0530382985245,38.9866313943098,"4326"
"NCAP-DC-RCP2","naca",-77.051561368805,38.9662100643756,"4326"
"NCAP-DC-RCP3","naca",-77.0430887712534,38.9368384436511,"4326"
"NCAP-DC-SHE1","naca",-77.0048805860941,38.8507300146692,"4326"
"NCAP-DC-SOV1","naca",-77.0626015876944,38.946478423496,"4326"
"NCAP-MD-BSP1","naca",-76.9015106832177,38.8451603589288,"4326"
"NCAP-MD-CCC1","naca",-77.0837576361604,38.993852379469,"4326"
"NCAP-MD-CRG1","naca",-76.9871890250863,38.8144975712491,"4326"
"NCAP-MD-CVH1","naca",-77.0585806255171,39.0283600311044,"4326"
"NCAP-MD-FFP1","naca",-77.028602291785,38.7698915890118,"4326"
"NCAP-MD-GCP1","naca",-76.8917082382163,38.9552605680234,"4326"
"NCAP-MD-HCR1","naca",-76.9337893395486,38.814248590781,"4326"
"NCAP-MD-IST1","naca",-77.0096489178253,39.0160879453176,"4326"
"NCAP-MD-KCP1","naca",-76.8981603066094,38.9244992106582,"4326"
"NCAP-MD-LFP1","naca",-77.1156196994079,38.9472397315617,"4326"
"NCAP-MD-LFP2","naca",-77.1076596259581,38.9585720653586,"4326"
"NCAP-MD-LFP3","naca",-77.1022811405137,38.9734298709614,"4326"
"NCAP-MD-MRC1","naca",-76.8793710801512,38.8839019926187,"4326"
"NCAP-MD-NWP1","naca",-77.0113509490539,39.0488992479179,"4326"
"NCAP-MD-PBP1","naca",-76.9308179983419,38.9865777852195,"4326"
"NCAP-MD-PGM1","naca",-76.9652322200577,38.9707504350204,"4326"
"NCAP-MD-RCP1","naca",-76.9859109852789,38.9646180517274,"4326"
"NCAP-MD-RCS2","naca",-77.0761894725237,39.0091283423236,"4326"
"NCAP-MD-SCG1","naca",-77.0301885842433,39.0138104801906,"4326"
"NCAP-MD-SLC1","naca",-77.0303304225188,39.0341706832538,"4326"
"NCAP-MD-SLP1","naca",-76.9297590452861,38.8381483390972,"4326"
"NCAP-MD-SYC1","naca",-77.1313775441305,38.9566818059097,"4326"
"NCAP-MD-TCC1","naca",-76.9825517888559,38.7840006443909,"4326"
"NCAP-MD-TPB1","naca",-77.0093520720878,38.9835978448967,"4326"
"NCAP-MD-WMR1","naca",-76.8675516961943,38.8723704885561,"4326"
"NCAP-VA-ARM1","naca",-77.0824722328287,38.8526888228334,"4326"
"NCAP-VA-BAR1","naca",-77.1016789416362,38.8470287356179,"4326"
"NCAP-VA-BBP1","naca",-77.1148016768091,38.8112899495853,"4326"
"NCAP-VA-BLU1","naca",-77.1285278513761,38.867172280178,"4326"
"NCAP-VA-BMP1","naca",-77.1502022177228,38.8074709306144,"4326"
"NCAP-VA-BSH1","naca",-77.1298503003009,38.7933581180436,"4326"
"NCAP-VA-CPL1","naca",-77.0426893650765,38.8644716168499,"4326"
"NCAP-VA-DAI1","naca",-77.0386093702758,38.8289518022956,"4326"
"NCAP-VA-DOK1","naca",-77.1304982414661,38.8328097808959,"4326"
"NCAP-VA-FMR1","naca",-77.0577895401954,38.8405814717724,"4326"
"NCAP-VA-FTW1","naca",-77.0952278825345,38.8101105070498,"4326"
"NCAP-VA-JDP1","naca",-77.218661294992,38.8763992293601,"4326"
"NCAP-VA-JPP1","naca",-77.0420106961843,38.7956478726368,"4326"
"NCAP-VA-LBJ1","naca",-77.0542200638359,38.8803096267595,"4326"
"NCAP-VA-LEE1","naca",-77.108819693753,38.7723816369981,"4326"
"NCAP-VA-LIC1","naca",-77.1407287818091,38.8405507316961,"4326"
"NCAP-VA-LOF1","naca",-77.1056087845757,38.7950586166123,"4326"
"NCAP-VA-MBL1","naca",-77.1462681974955,38.9289298870687,"4326"
"NCAP-VA-MCC1","naca",-77.1854705851737,38.9400976689165,"4326"
"NCAP-VA-MDP1","naca",-77.1731083646186,38.8320221643991,"4326"
"NCAP-VA-MHP1","naca",-77.1573487388242,38.900611909825,"4326"
"NCAP-VA-MON1","naca",-77.0699510943519,38.8337191606728,"4326"
"NCAP-VA-MTV1","naca",-77.0647723586715,38.7721224168823,"4326"
"NCAP-VA-POT1","naca",-77.1050481413847,38.9123805687534,"4326"
"NCAP-VA-PRC1","naca",-77.2117882188021,38.8605805215998,"4326"
"NCAP-VA-RTP1","naca",-77.1915881209491,38.848619045895,"4326"
"NCAP-VA-TKY1","naca",-77.1514988068872,38.9646017524759,"4326"
"NCAP-VA-TRI1","naca",-77.0614999296671,38.8948688393605,"4326"
"NCAP-VA-UPT1","naca",-77.1419090927439,38.8726081072174,"4326"
"NCAP-VA-WAR1","naca",-77.1007500946609,38.8303775549031,"4326"
"NHMU","scut",-111.8205,40.7586685,"4326"
"NON","jams",-90.1258707056514,32.4010898580804,"4326"
"NTE","jams",-90.1246818008592,32.4261290374488,"4326"
"NTW","jams",-90.3620192828717,32.3291604659655,"4326"
"OLC","jams",-89.992340539161,32.2757190751372,"4326"
"OLS","jams",-90.1365720224963,32.4323499627228,"4326"
"OSA","autx",-97.8164878197051,30.1319181703446,"4326"
"OWP1","slmo",-90.506101045,38.56117056,"4326"
"Oxbow.2019","scut",-111.9257,40.70165,"4326"
"P-BLP","tawa",-122.282818102857,47.1616716685295,"4326"
"P-CCP","tawa",-122.320212459017,47.1814290675144,"4326"
"P-CUP","tawa",-122.471310155379,47.2729296253567,"4326"
"P-DPV","tawa",-122.544397027936,47.3174224138991,"4326"
"P-GP","tawa",-122.457478031208,47.2698924941591,"4326"
"P-GW1","tawa",-122.4100005051,47.2479721789886,"4326"
"P-JCP","tawa",-122.504893816072,47.285768433872,"4326"
"P-LCC","tawa",-122.394377047108,47.2329576712992,"4326"
"P-MCP","tawa",-122.443887259384,47.2539013712934,"4326"
"P-MKP2","tawa",-122.424708198927,47.2350907311911,"4326"
"P-OB","tawa",-122.530479076629,47.3132296839981,"4326"
"P-OLT","tawa",-122.272722270273,46.9126120703025,"4326"
"P-OV2","tawa",-122.343288452279,46.8700986870563,"4326"
"P-PCNA1","tawa",-122.485313613457,47.2764111958269,"4326"
"P-PDP","tawa",-122.518375325506,47.3060702338162,"4326"
"P-RP","tawa",-122.51227697252,47.2972281678993,"4326"
"P-RT","tawa",-122.31007725635,47.2034118416833,"4326"
"P-RWSR","tawa",-122.268478484795,46.9256376428017,"4326"
"P-SCP1","tawa",-122.396680112733,47.2219707053618,"4326"
"P-STP","tawa",-122.491716785276,47.2853496747773,"4326"
"P-TE1","tawa",-122.280299245179,46.9222003774392,"4326"
"P-TE2","tawa",-122.505393597083,4.70140078844135,"4326"
"P-UCC","tawa",-122.381812189704,47.2277596585494,"4326"
"P-UWT","tawa",-122.440185179001,47.2428798275205,"4326"
"P-WBC","tawa",-122.301581403224,47.170338833017,"4326"
"P-WP","tawa",-122.449615950493,47.2620295450267,"4326"
"P-WWP","tawa",-122.276677940133,47.1727913424814,"4326"
"PAN","jams",-90.1084975046213,32.5075323023901,"4326"
"PAP","jams",-90.1439884378622,32.3648024460369,"4326"
"Parley's Point.2019","scut",-111.80228,40.72059,"4326"
"Parley's.Nature.Park","scut",-111.80581,40.71001,"4326"
"PC_01","scut",-111.7903,40.7103,"4326"
"PC_02.2019","scut",-111.77691,40.72046,"4326"
"PC_03.2019","scut",-111.7579,40.73129,"4326"
"PC_04","scut",-111.738825,40.74137,"4326"
"PC_06","scut",-111.719375,40.72845,"4326"
"PC_06.2019","scut",-111.71938,40.5435,"4326"
"PC_08.2019","scut",-111.7083,40.7168,"4326"
"PC_09.2019","scut",-111.717075,40.75231,"4326"
"PC_11","scut",-111.707505,40.76412,"4326"
"PC_12","scut",-111.7166,40.77179,"4326"
"PC_13","scut",-111.70112,40.77914,"4326"
"PC_14","scut",-111.68931,40.77702,"4326"
"PC_15","scut",-111.6813,40.78571,"4326"
"PC_16","scut",-111.680095,40.79428,"4326"
"PC_16.2019","scut",-111.680285,40.7493,"4326"
"PC_17","scut",-111.67849,40.8036,"4326"
"PC_18.2019","scut",-111.67879,40.8122,"4326"
"PC_20.2019","scut",-111.6891,40.82634,"4326"
"PC_21","scut",-111.6982,40.8299,"4326"
"PC_22","scut",-111.690115,40.74483,"4326"
"PC_23","scut",-111.64232,40.74548,"4326"
"PC_24","scut",-111.627275,40.75037,"4326"
"PC_25","scut",-111.67102,40.73598,"4326"
"PC_26","scut",-111.665095,40.7288,"4326"
"PC_27","scut",-111.657485,40.71977,"4326"
"PC_29","scut",-111.64028,40.71964,"4326"
"PC_31.2019","scut",-111.61759,40.71482,"4326"
"PC_33","scut",-111.600198,40.706358,"4326"
"PEG1","jams",-90.1053577304187,32.2765522628736,"4326"
"PEG2","jams",-90.1067184224402,32.2681101437159,"4326"
"PKN","boma",-71.1378397879398,42.1970586026478,"4326"
"POOR-E01-OB1","poor",-122.650277300943,45.4844620615913,"4326"
"POOR-E02-OB2","poor",-122.664101929277,45.4687518156192,"4326"
"POOR-E03-JCP","poor",-122.64229034083,45.4604981432103,"4326"
"POOR-E04-TJP","poor",-122.62367717209,45.4628683799203,"4326"
"POOR-E06-BEL","poor",-122.593914952143,45.4553819854119,"4326"
"POOR-E08-WFP","poor",-122.575681952638,45.4659394963303,"4326"
"POOR-E11-BTP","poor",-122.550612210518,45.4779024081564,"4326"
"POOR-E12-128","poor",-122.530787724644,45.4815177425676,"4326"
"POOR-E13-PB1","poor",-122.512985462026,45.4807204328875,"4326"
"POOR-E15-PB3","poor",-122.491811584171,45.4832395396194,"4326"
"POOR-E17-JBP","poor",-122.479690220393,45.4803920249038,"4326"
"POOR-E18-SW7","poor",-122.440203489728,45.4946096399878,"4326"
"POOR-E19-MAP","poor",-122.422417771504,45.4915502119242,"4326"
"POOR-E20-HOR","poor",-122.414311666424,45.4815189127496,"4326"
"POOR-W01-GHP","poor",-122.683877248296,45.4758304620319,"4326"
"POOR-W02-MNP","poor",-122.69521724922,45.4913419273619,"4326"
"POOR-W03-CCP","poor",-122.708923087628,45.4977702142655,"4326"
"POOR-W04-WHA","poor",-122.719686013365,45.515799753714,"4326"
"POOR-W09-TBP","poor",-122.804998785133,45.540460001076,"4326"
"POOR-W10-HRP","poor",-122.827981112452,45.5494089750695,"4326"
"POOR-W11-TWP","poor",-122.845998580115,45.5410613485162,"4326"
"POOR-W13-BLP","poor",-122.875001307213,45.555769922334,"4326"
"POOR-W14-PSF","poor",-122.893000435653,45.5574091545026,"4326"
"PVC1","slmo",-90.42808813,38.558130265,"4326"
"R02-DPG1","chil",-87.699699035,41.860369585,"4326"
"R02-FRP1","chil",-87.73276076,41.861678055,"4326"
"R02-HRF1","chil",-87.7135300899258,41.8687904935946,"4326"
"R03-AUP1","chil",-87.768978825,41.88766128,"4326"
"R03-CPG1","chil",-87.7721379,41.875661185,"4326"
"R03-EUC1","chil",-87.791827685,41.865731715,"4326"
"R03-MAP1","chil",-87.803780445,41.867868025,"4326"
"R04-MMW0","chil",-87.83207053,41.852801685,"4326"
"R04-MMW3","chil",-87.827630985,41.863561265,"4326"
"R04-SCH1","chil",-87.84842025,41.855679255,"4326"
"R05-FMG1","chil",-87.91280219,41.848240305,"4326"
"R05-GOC1","chil",-87.88292811,41.85757777,"4326"
"R05-MTC1","chil",-87.91060879,41.86915912,"4326"
"R05-STP1","chil",-87.869370565,41.883261325,"4326"
"R06-OTB1","chil",-87.977798365,41.85248188,"4326"
"R06-SLT2","chil",-87.956780135,41.87464811,"4326"
"R06-YOW1","chil",-87.933120715,41.85870766,"4326"
"R07-FSP1","chil",-88.02228216,41.85090874,"4326"
"R07-GOF1","chil",-88.041948245,41.86589905,"4326"
"R07-MMP1","chil",-88.002961105,41.87405926,"4326"
"R07-YHR1","chil",-87.989721675,41.865789065,"4326"
"R08-DAP1","chil",-88.07916778,41.875150505,"4326"
"R08-PAP1","chil",-88.059040315,41.85618055,"4326"
"R08-VLG1","chil",-88.07091139,41.8521778,"4326"
"R08-WBK1","chil",-88.061358115,41.84175898,"4326"
"R09-BLW1","chil",-88.14724131,41.86309156,"4326"
"R09-CTG0","chil",-88.162129615,41.850142465,"4326"
"R09-LIM0","chil",-88.12305794,41.87106222,"4326"
"R09-SMI1","chil",-88.11233997,41.85279979,"4326"
"R10-FRM1","chil",-88.2632103,41.81899987,"4326"
"R10-FRM2","chil",-88.254557915,41.83329908,"4326"
"R10-WCP0","chil",-88.22999135,41.88948809,"4326"
"R10-WDW0","chil",-88.192222395,41.86593068,"4326"
"RB_01","scut",-111.814925,40.77648,"4326"
"RB_06.2019","scut",-111.7837,40.80763,"4326"
"RB_08","scut",-111.78238,40.79116,"4326"
"RB_09","scut",-111.77441,40.79879,"4326"
"RB_10","scut",-111.765115,40.80407,"4326"
"RBP1","slmo",-90.38977183,38.55935213,"4326"
"RCNY-C01-SNP1","rony",-77.6195592279255,43.2131787157168,"4326"
"RCNY-C01-TPP1","rony",-77.6145497568415,43.2451683676495,"4326"
"RCNY-C01-TPP2","rony",-77.6178877912805,43.2281613158477,"4326"
"RCNY-C02-MWP1","rony",-77.6288907342202,43.1819894286389,"4326"
"RCNY-C02-SNP2","rony",-77.6200379774769,43.2004703105542,"4326"
"RCNY-L01-BBP1","rony",-77.7142013658281,43.3024504079265,"4326"
"RCNY-L01-RWA1","rony",-77.713858123354,43.2894016150082,"4326"
"RCNY-L02- BPP1","rony",-77.6898993824456,43.2822280346579,"4326"
"RCNY-L03-BRP1","rony",-77.6431896488936,43.2577280698592,"4326"
"RCNY-L03-GWS1","rony",-77.6346575338327,43.2615413979521,"4326"
"RCNY-L03-OBP1","rony",-77.6110016660468,43.2604623637633,"4326"
"RCNY-L04-DEB1","rony",-77.5772079035479,43.2428616320648,"4326"
"RCNY-L04-DEP1","rony",-77.5719401245537,43.2333487067273,"4326"
"RCNY-L04-DEP2","rony",-77.5541184192307,43.2338385194027,"4326"
"RCNY-S01-BSP1","rony",-77.623548376257,43.1600506618888,"4326"
"RCNY-S01-GGP1","rony",-77.6088217144614,43.1487713752727,"4326"
"RCNY-S01-HFP1","rony",-77.6132186014995,43.1629895705021,"4326"
"RCNY-S01-HLP1","rony",-77.6084192648237,43.1279810818563,"4326"
"RCNY-S01-MHC1","rony",-77.6167518633057,43.1349075422076,"4326"
"RCNY-S02-GVP1","rony",-77.6351181139753,43.1184579050023,"4326"
"RCNY-S02-GVP2","rony",-77.6603619560558,43.1094085927855,"4326"
"RCNY-S03-BDP1","rony",-77.7094375671977,43.0779103085139,"4326"
"RCNY-S03-RIT1","rony",-77.6854790435068,43.0811785105769,"4326"
"RCNY-S03-RIT2","rony",-77.666821874283,43.0903488690423,"4326"
"RDP1","slmo",-90.311300845,38.57893012,"4326"
"RPL3","wide",-75.686519925,39.63525018,"4326"
"RPW","wide",-75.57465061,39.72136231,"4326"
"RRC1","slmo",-90.326151275,38.57278181,"4326"
"RSP1","slmo",-90.609168995,38.511511755,"4326"
"RSP2","slmo",-90.601160475,38.504681015,"4326"
"RVC","wide",-75.53187191,39.758870215,"4326"
"S02-BNS1","chil",-87.59306963,41.81198996,"4326"
"S02-BRI1","chil",-87.697960305,41.829109,"4326"
"S02-MCP1","chil",-87.67616914,41.82610198,"4326"
"S02-PIP1","chil",-87.73000226,41.83325231,"4326"
"S02-PLP1","chil",-87.64874986,41.844078835,"4326"
"S02-TNW1","chil",-87.60065846,41.823899075,"4326"
"S03-JKP2","chil",-87.58010849,41.78574118,"4326"
"S03-LCP1","chil",-87.75085768,41.81401833,"4326"
"S03-PSP1","chil",-87.73172989,41.78803905,"4326"
"S03-VIP1","chil",-87.74781945,41.802418795,"4326"
"S03-WAP1","chil",-87.71888914,41.81169237,"4326"
"S04-HAP1","chil",-87.77935213,41.78033235,"4326"
"S04-OTW1","chil",-87.803737515,41.81511897,"4326"
"S04-SSP1","chil",-87.797328255,41.799317505,"4326"
"S05-LNC1","chil",-87.844730665,41.742748005,"4326"
"S05-RES1","chil",-87.82363233,41.761359465,"4326"
"S05-SFP0","chil",-87.8589880575,41.7588524225,"4326"
"S06-CBW0","chil",-87.892521455,41.728798855,"4326"
"S07-ARG1","chil",-87.970528655,41.718889075,"4326"
"S07-ARG2","chil",-87.980630725,41.70899189,"4326"
"S07-WGL0","chil",-87.943808,41.70102011,"4326"
"S08-WGL1","chil",-87.999148535,41.69378906,"4326"
"S08-WGL3","chil",-87.9590199278717,41.7045600505955,"4326"
"S09-KTP1","chil",-88.033808855,41.67824085,"4326"
"S09-SMC1","chil",-88.012641225,41.657017975,"4326"
"S09-VTW0","chil",-88.059878335,41.670811075,"4326"
"S10-ILC1","chil",-88.069300235,41.63776182,"4326"
"S10-LEW1","chil",-88.077101205,41.59939135,"4326"
"S10-LPC1","chil",-88.048167555,41.59157815,"4326"
"S10-LPP0","chil",-88.07212777,41.58289157,"4326"
"SBP","wide",-75.737317795,39.594571535,"4326"
"SEWA_N01_DSP1_AP19_OFF","sewa",-122.41941,47.6598,"4326"
"SEWA_N01_LTP1_AP19_OFF","sewa",-122.39369,47.65483,"4326"
"SEWA_N01_LWP1_AP19_OFF","sewa",-122.343985,47.66776,"4326"
"SEWA_N01_PGP1_AP19_OFF","sewa",-122.357305,47.55922,"4326"
"SEWA_N02_DRP1_AP19_OFF","sewa",-122.3603,47.64354,"4326"
"SEWA_N02_PHN1_AP19_OFF","sewa",-122.359,47.672,"4326"
"SEWA_N02_WCP1_AP19_OFF","sewa",-122.33718,47.52452,"4326"
"SEWA_N03_BGP1_AP19_OFF","sewa",-122.28341,47.66681,"4326"
"SEWA_N03_MGP1_AP19_OFF","sewa",-122.25091,47.68166,"4326"
"SEWA_N03_RVP1_AP19_OFF","sewa",-122.311085,47.67356,"4326"
"SEWA_N04_HFW1_AP19_OFF","sewa",-122.19161,47.70676,"4326"
"SEWA_N04_JBP1_AP19_OFF","sewa",-122.203485,47.69558,"4326"
"SEWA_N05_NRP1_AP19_OFF","sewa",-122.17331,47.68709,"4326"
"SEWA_N05_SVP1_AP19_OFF","sewa",-122.1512,47.70668,"4326"
"SEWA_N06_MBC1_AP19_OFF","sewa",-122.088885,47.70462,"4326"
"SEWA_N06_SWD1_AP19_OFF","sewa",-122.104215,47.71024,"4326"
"SEWA_N07_FRD1_AP19_OFF","sewa",-122.007585,47.75108,"4326"
"SEWA_N07_RHF1_AP19_OFF","sewa",-122.017325,47.74043,"4326"
"SEWA_N07_RWP1_AP19_OFF","sewa",-122.043495,47.7116,"4326"
"SEWA_N08_DOS1_AP19_OFF","sewa",-121.967495,47.74577,"4326"
"SEWA_S01_TMP1_AP19_OFF","sewa",-122.35081,47.56718,"4326"
"SEWA_S02_DWP1_AP19_OFF","sewa",-122.32022,47.53195,"4326"
"SEWA_S02_MSR1_AP19_OFF","sewa",-122.3086,47.54984,"4326"
"SEWA_S02_MWP1_AP19_OFF","sewa",-122.319385,47.56073,"4326"
"SEWA_S02_WDG1_AP19_OFF","sewa",-122.345695,47.54149,"4326"
"SEWA_S03_HCN1_AP19_OFF","sewa",-122.30738,47.51622,"4326"
"SEWA_S04_FGL1_AP19_OFF","sewa",-122.26261,47.48434,"4326"
"SEWA_S05_BRF1_AP19_OFF","sewa",-122.240375,47.47522,"4326"
"SEWA_S06_MPO1_AP19_OFF","sewa",-122.110515,47.44984,"4326"
"SEWA_S06_TCC1_AP19_OFF","sewa",-122.178605,47.46189,"4326"
"SEWA_S07_TRN1_AP19_OFF","sewa",-122.04182,47.42001,"4326"
"SEWA_S08_TMF1_AP19_OFF","sewa",-121.95001,47.42279,"4326"
"SHC1","slmo",-90.35876819,38.597310305,"4326"
"SLP","wide",-75.517429945,39.760018465,"4326"
"SMP","wide",-75.67441007,39.65063935,"4326"
"SOP","jams",-89.9717493396351,32.2625901928436,"4326"
"Spring Gulch","scut",-111.8434,40.7849,"4326"
"SRN","boma",-71.1238201651618,42.269641223173,"4326"
"SSL2","wide",-75.73916887,39.618709415,"4326"
"SSL3","wide",-75.7224383867811,39.6219783410821,"4326"
"SSP1","slmo",-90.46916189,38.55362016,"4326"
"SSP2","slmo",-60.781089898072,5.51741505596845,"4326"
"STN","boma",-71.0695021322751,42.0707487012797,"4326"
"STR","boma",-70.8953712982905,41.9721782881435,"4326"
"Sunnyside Park.2019","scut",-111.839395,40.75171,"4326"
"SWP1","slmo",-90.368562155,38.57266212,"4326"
"TGP1","slmo",-90.250579345,38.60553932,"4326"
"TGP2","slmo",-90.266980955,38.60898823,"4326"
"TKR","boma",-70.9466996949314,42.0012116386382,"4326"
"TLP1","slmo",-90.29085974,38.601521725,"4326"
"TON","jams",-90.1645886009126,32.4038604226549,"4326"
"TOP","jams",-90.1617779301254,32.3948705901936,"4326"
"TRC1","slmo",-90.54919195,38.5361312,"4326"
"TRC2","slmo",-90.560812195,38.52934861,"4326"
"TRC3","slmo",-90.55350795,38.51721052,"4326"
"TWR","jams",-90.0866706605372,32.4996387551913,"4326"
"UGP1","slmo",-90.44188044,38.55257823,"4326"
"Upper Hell Canyon","scut",-111.8897,40.8029,"4326"
"UT10a-MA","uril",-88.2054698531699,40.0924092736889,"4326"
"UT11a-PN","uril",-88.2157086427686,40.0876183490452,"4326"
"UT13b-EX","uril",-88.2100324123731,40.0779480133149,"4326"
"UT14a-FF","uril",-88.2280280499671,40.0557719455239,"4326"
"UT15a-FP","uril",-88.2143919541325,40.0533024414984,"4326"
"UT16a-BC","uril",-88.2309183028578,40.0808796300841,"4326"
"UT17b-SW","uril",-88.2361806614171,40.071721888653,"4326"
"UT18a-WT","uril",-88.0514587602545,40.105260468776,"4326"
"UT19a-ND","uril",-88.0901100792187,40.1136413196452,"4326"
"UT1a-HL1","uril",-87.9836199715244,40.0736015881353,"4326"
"UT20a-EF","uril",-88.1981006107639,40.0655485413685,"4326"
"UT21a-PR","uril",-88.1848379601375,40.1235216885745,"4326"
"UT22a-CS","uril",-88.1967887110374,40.1204287068123,"4326"
"UT23a-BU","uril",-88.2130116864468,40.1254819784141,"4326"
"UT24a-MB","uril",-88.1741390001565,40.1272380276574,"4326"
"UT25a-HH","uril",-88.2111024712601,40.1012694847297,"4326"
"UT26a-JH","uril",-88.1502717011514,40.1207193004245,"4326"
"UT27a-RB","uril",-88.069679661715,40.1187891484079,"4326"
"UT28a-SH1","uril",-88.0512293907963,40.0804885872068,"4326"
"UT29a-SH2","uril",-88.0500414651393,40.0933806903573,"4326"
"UT2a-HL2","uril",-87.9940099883789,40.0671188849844,"4326"
"UT30b-AZ","uril",-88.0655199464449,40.0703200527049,"4326"
"UT31a-VM","uril",-88.2234306577053,40.0938409407951,"4326"
"UT32a-DB","uril",-88.0584092593807,40.0343817614891,"4326"
"UT33a-CR","uril",-88.2162888871255,40.0615718130269,"4326"
"UT34a-SY","uril",-88.008239946558,40.0508118938844,"4326"
"UT3a-HL3","uril",-87.9936020157213,40.0553194220983,"4326"
"UT4a-HL4","uril",-87.9813004207708,40.0615500789572,"4326"
"UT5a-TW","uril",-88.139211288731,40.1301988073401,"4326"
"UT6a-PT","uril",-88.1513698536821,40.1293583149573,"4326"
"UT7a-BR","uril",-88.1663185352286,40.145511909637,"4326"
"UT8a-WL","uril",-88.0512695612365,40.1143610560894,"4326"
"UT9a-CO","uril",-88.0358012547233,40.1382880859626,"4326"
"VAP","jams",-90.2470881464285,32.3194002108304,"4326"
"W01-BAR1","deco",-105.027400105202,39.7229098433823,"4326"
"W01-GCP1","deco",-105.01629015771,39.7468998382148,"4326"
"W01-GFP3","inin",-86.1488895200676,39.7354101403524,"4326"
"W01-HCC1","inin",-86.1604113861042,39.7353423166192,"4326"
"W01-LIP1","deco",-105.004494805868,39.7366598659609,"4326"
"W01-MAR1","deco",-105.041209903558,39.7305698514863,"4326"
"W01-SLP1","deco",-105.040300034257,39.7442700263586,"4326"
"W01-WRG1","inin",-86.1704716370203,39.7391580634151,"4326"
"W02-CHP1","deco",-105.098090046588,39.7569101235783,"4326"
"W02-CRS2","inin",-86.1886104521141,39.7766308655299,"4326"
"W02-EMP1","inin",-86.1745185949889,39.786179207384,"4326"
"W02-HOL1","deco",-105.097585055797,39.7288899262337,"4326"
"W02-IZO3","inin",-86.1761106825978,39.7675689590104,"4326"
"W02-MOR1","deco",-105.087024835973,39.7459301088508,"4326"
"W02-SUN1","deco",-105.115009952847,39.7336899187448,"4326"
"W02-WBP1","deco",-105.060820164817,39.7433899091412,"4326"
"W03-CHC1","inin",-86.180671149983,39.8272706516907,"4326"
"W03-CPP1","deco",-105.139704863888,39.7561198807959,"4326"
"W03-DAN1","deco",-105.14150980905,39.7369500929615,"4326"
"W03-GRA1","deco",-105.12638983896,39.751729981092,"4326"
"W03-MEL1","inin",-86.2050989535438,39.8183016840405,"4326"
"W03-MGP1","deco",-105.16341993973,39.7600100007676,"4326"
"W03-RGC1","inin",-86.1983093681814,39.8107280773268,"4326"
"W04-APE1","deco",-105.219199777364,39.7193199755964,"4326"
"W04-BHC2","inin",-86.2244596001706,39.8682998392716,"4326"
"W04-JSP1","inin",-86.1872119627481,39.8659209701116,"4326"
"W04-PVP1","deco",-105.172420169171,39.7368802212333,"4326"
"W04-ROW1","inin",-86.2101815974981,39.8794682759974,"4326"
"W04-STM1","deco",-105.183804871588,39.7434899995511,"4326"
"W04-WES1","deco",-105.18548974008,39.7298198819841,"4326"
"W04-WPC1","inin",-86.2061924266949,39.8551688389637,"4326"
"W04-WSP1","deco",-105.242184994063,39.7531898006762,"4326"
"W05-CPE1","inin",-86.2073414558073,39.9164995531615,"4326"
"W05-IHS1","inin",-86.2153178552876,39.8989699089792,"4326"
"W06-CNP1","inin",-86.2585195003622,39.9475595911236,"4326"
"W06-LRF1","inin",-86.2469620473658,39.9595081976217,"4326"
"W06-UHS1","inin",-86.210299723238,39.9527700091259,"4326"
"W07-INA1","inin",-86.2555875202103,39.9860299520425,"4326"
"W07-UES2","inin",-86.2452492088459,40.000951676174,"4326"
"W07-WAF1","inin",-86.2353511541362,40.0108579303515,"4326"
"W08-NST3","inin",-86.244441508734,40.0408422803552,"4326"
"W08-ROS1","inin",-86.2852519044236,40.0445810558767,"4326"
"Wasatch Hollow","scut",-111.8413,40.7373,"4326"
"WBC","wide",-75.551639355,39.753100905,"4326"
"WBC1","slmo",-90.382319685,38.578199305,"4326"
"WBS1","slmo",-90.536831345,38.54001877,"4326"
"WEP","jams",-90.2793415711629,32.3102709770534,"4326"
"WF_01","scut",-111.84081,40.6339,"4326"
"WF_02.2019","scut",-111.85998,40.63282,"4326"
"WF_03.2019","scut",-111.86189,40.6572,"4326"
"WIDE-A08-GLP1","wide",-75.7065611,39.6133702,"4326"
"WIN2","wide",-75.59646093,39.801622285,"4326"
"WOP","jams",-90.114808953113,32.4387977108128,"4326"
"WTP1","slmo",-90.586438105,38.52978918,"4326"
"WTP2","slmo",-90.57834139,38.51664818,"4326"
"WTP3","slmo",-90.58927861,38.510652495,"4326"
"ALIB","ahga",-83.4040147836465,33.9447177895793,"4326"
"CSHS","ahga",-83.328467649795,33.9187433622935,"4326"
"ARPT","ahga",-83.3391438786554,33.9464910581604,"4326"
"BARN","ahga",-83.4040816540554,33.9567077407602,"4326"
"BZOO","ahga",-83.3882387619001,33.9271732479297,"4326"
"BHVN","ahga",-83.4172185941841,33.9506620824398,"4326"
"BBPK","ahga",-83.4377138722348,33.9572720702871,"4326"
"BWDT","ahga",-83.3896134405544,33.9283727473793,"4326"
"BIHP","ahga",-83.4139083939313,33.9636920105276,"4326"
"CVMD","ahga",-83.3506947285137,33.9208003427081,"4326"
"UGDF","ahga",-83.25251121086,33.9133132885348,"4326"
"DCKR","ahga",-83.3897795358542,33.9370249214305,"4326"
"DUDP","ahga",-83.3675465470971,33.9556310911785,"4326"
"DXBH","ahga",-83.4323297617621,33.9479119364995,"4326"
"HALP","ahga",-83.3842913543462,33.9512324665747,"4326"
"HALP2","ahga",-83.3843806247527,33.9513299129019,"4326"
"FIRE","ahga",-83.4156889073143,33.96275546358,"4326"
"UGLH","ahga",-83.3754652315305,33.9240574521405,"4326"
"LDFN","ahga",-83.2651997233868,33.9338541508502,"4326"
"LDFS","ahga",-83.2644076708218,33.9215073093398,"4326"
"MBRD","ahga",-83.4491145800291,33.9473535719184,"4326"
"NDA1","ahga",-83.4839721878708,33.9496389933332,"4326"
"NDA2","ahga",-83.4823727600873,33.9523038841746,"4326"
"NOWR","ahga",-83.3588273929293,33.9415711721484,"4326"
"RDIO","ahga",-83.4559629355125,33.9631751091109,"4326"
"RHDR","ahga",-83.4168996737836,33.9397680549694,"4326"
"UGRC","ahga",-83.3605415637947,33.929997680614,"4326"
"STPK","ahga",-83.3230930575331,33.9422509860127,"4326"
"STPK2","ahga",-83.3230399028694,33.9430814792015,"4326"
"SEPK","ahga",-83.3037243421448,33.9240145950798,"4326"
"UGACF","ahga",-83.2459456411941,33.8943094094773,"4326"
"WARN","ahga",-83.3735466458711,33.9437765674551,"4326"
"WSBS","ahga",-83.4599626765208,33.9378688598209,"4326"
"BLCP","buny",-78.9052368496491,43.1835667648248,"4326"
"CLP","buny",-78.6530283612709,42.8892638041662,"4326"
"DP","buny",-78.8672603290066,42.9303407160601,"4326"
"CRCP-N","buny",-78.7566004206394,42.7174484056835,"4326"
"CRCP-S","buny",-78.7489670579427,42.7007519075882,"4326"
"HCC","buny",-78.7944001578569,42.7463009297597,"4326"
"HPGCN","buny",-79.011499618535,43.1125498744977,"4326"
"OCP","buny",-78.9059830921647,43.0987673456792,"4326"
"PDFP","buny",-78.8336803304152,42.7804008438567,"4326"
"RJRFP","buny",-78.8529699373417,42.8647212836543,"4326"
"RWNP","buny",-78.7190002656417,42.8841190167602,"4326"
"SBNHP","buny",-78.8163830075205,42.8654022619657,"4326"
"SPOPC","buny",-78.8350826128022,42.8292519221038,"4326"
"TNP","buny",-78.8603499480088,42.8534683854997,"4326"
"VMP","buny",-78.9065001708877,43.0091181298945,"4326"
"WBSP","buny",-78.8533300484481,42.7933013950288,"4326"
"StMC","buny",-78.9646896855758,43.0322790623823,"4326"
"NTA","buny",-78.8727329786579,43.0597494272138,"4326"
"SPGC","buny",-23.8666276469142,26.7463464016712,"4326"
