City,Site,Long,Lat
ahga,ALIB,-83.40401478,33.94471779
ahga,ARPT,-83.33914388,33.94649106
ahga,BARN,-83.40408165,33.95670774
ahga,BBPK,-83.43771387,33.95727207
ahga,BHVN,-83.41721859,33.95066208
ahga,BZOO,-83.38823876,33.92717325
ahga,CSHS,-83.32846765,33.91874336
ahga,CVMD,-83.35069473,33.92080034
ahga,DCKR,-83.38977954,33.93702492
ahga,DUDP,-83.36754655,33.95563109
ahga,DXBH,-83.43232976,33.94791194
ahga,FIRE,-83.41568891,33.96275546
ahga,HALP,-83.38429135,33.95123247
ahga,LDFN,-83.26519972,33.93385415
ahga,LDFS,-83.26440767,33.92150731
ahga,MBRD,-83.44911458,33.94735357
ahga,NDA1,-83.48397219,33.94963899
ahga,NOWR,-83.35882739,33.94157117
ahga,RDIO,-83.45596294,33.96317511
ahga,RHDR,-83.41689967,33.93976805
ahga,SEPK,-83.30372434,33.9240146
ahga,STPK,-83.32309306,33.94225099
ahga,UGACF,-83.24594564,33.89430941
ahga,UGDF,-83.25251121,33.91331329
ahga,UGLH,-83.37546523,33.92405745
ahga,UGRC,-83.36054156,33.92999768
ahga,WARN,-83.37354665,33.94377657
ahga,WSBS,-83.45996268,33.93786886
autx,AUTX-C01-EML,-97.83463,30.34375
autx,AUTX-C01-WBP,-97.818565,30.313086
autx,AUTX-C02-BOG,-97.71228079,30.27003865
autx,AUTX-C02-PEA,-97.753562,30.284234
autx,AUTX-C02-RBI,-97.786779,30.290917
autx,AUTX-C02-ROY,-97.70617,30.24436
autx,AUTX-C02-ZIL,-97.77658,30.27233
autx,AUTX-C03-HOR,-97.65006,30.2151
autx,AUTX-C03-MON,-97.69046152,30.23157648
autx,AUTX-C03-ONI,-97.61216,30.19906
autx,AUTX-H02-BLU,-97.74772665,30.23286229
autx,AUTX-WL1-DEL,-97.74114993,30.25940001
autx,AUTX-WL10-HIG,-97.71350127,30.33511915
autx,AUTX-WL4-UTA,-97.73443654,30.28360757
autx,AUTX-WL8-WRI,-97.72569585,30.3139306
autx,AUTX-WL9-REI,-97.71859894,30.32703493
autx,AUTX_BCG,-97.78541,30.25653
autx,AUTX_BDP,-97.69076734,30.30183771
autx,AUTX_BRDP,-97.67275128,30.2573506
autx,AUTX_BRP,-97.843566,30.16604989
autx,AUTX_CF,-97.89155907,30.33687685
autx,AUTX_CRWS,-97.69490053,30.24723862
autx,AUTX_DNP,-97.75131369,30.27323129
autx,AUTX_EW/FG,-97.72793,30.24981
autx,AUTX_GVP,-97.6890404,30.26040133
autx,AUTX_MFBCP,-97.76457978,30.28174999
autx,AUTX_PLC,-97.68952926,30.27764356
autx,AUTX_SONP,-97.86524346,30.16019342
autx,AUTX_TNP,-97.76015,30.29651
autx,AUTX_WBCG,-97.75843161,30.25640687
autx,Berg,-97.67014336,30.17243729
autx,OSA,-97.81648564,30.13191634
boma,ALN,-71.13699361,42.29748616
boma,ARB1,-71.12307729,42.30342279
boma,ARB2,-71.12558823,42.2922138
boma,BDL,-71.12489695,42.20208883
boma,BNC,-71.10021854,42.28965103
boma,BRA,-71.06982556,42.08825365
boma,BRD1,-71.10939455,42.08760938
boma,BRD2,-71.11102139,42.10669445
boma,BRT,-71.12348737,42.37682391
boma,BSU,-70.96238146,41.98338424
boma,DAN,-71.16154831,42.31722975
boma,EVR,-71.16424429,42.33971975
boma,FRPO1,-71.15198411,42.38953038
boma,FRPO2,-71.14746725,42.37997926
boma,FVW,-71.14048846,42.24483256
boma,GLD,-71.08688954,42.27446779
boma,GRT,-70.91798262,41.96413218
boma,HAB,-71.18401235,42.40430572
boma,HAL,-71.11111938,42.34632107
boma,MTA,-71.14148806,42.37081999
boma,MUS,-71.13735528,42.16443838
boma,PKN,-71.13783958,42.19705721
boma,SRN,-71.12382033,42.26964245
boma,STN,-71.06950426,42.0707474
boma,STR,-70.8953726,41.97217658
boma,TKR,-70.94669939,42.00121328
boma,ZNE,-71.0929906,42.30555208
chil,C04-MBP1,-87.57339472,41.71308499
chil,C05-BEA1,-87.58721191,41.65419878
chil,C05-BMP1,-87.57510693,41.69479206
chil,C05-BMP2,-87.56486107,41.6857457
chil,C05-EGG1,-87.52634943,41.68809924
chil,C05-SPA1,-87.56351755,41.66809833
chil,C06-BEA2,-87.58174014,41.64524646
chil,C06-HMP1,-87.56991671,41.65680784
chil,D02-BMT1,-87.66977928,41.91433602
chil,D02-HUP0,-87.69904915,41.90585734
chil,D02-JBS1,-87.6399905,41.94889355
chil,D02-MDU1,-87.6330656,41.96478369
chil,D02-MOP1,-87.72430748,41.91858492
chil,D02-RCP1,-87.69329358,41.94109499
chil,D02-SCP1,-87.68589743,41.92296839
chil,D03-AFP1,-87.71652991,41.94666256
chil,D03-AMP1,-87.7482015,41.96850882
chil,D03-CHP1,-87.76234923,41.94245857
chil,D03-GOM1,-87.73063446,41.97527786
chil,D03-HOR1,-87.69473925,41.95758198
chil,D03-NPV1,-87.72834195,41.98593826
chil,D03-STB1,-87.66563918,41.96962066
chil,D04-DNP1,-87.78423327,41.96512952
chil,D04-EDW0,-87.7646423,41.99098007
chil,D04-FGP1,-87.75452049,41.97728945
chil,D04-RDP1,-87.78559613,41.98961368
chil,D04-ROS0,-87.68932042,41.98771934
chil,D05-ADC2,-87.79449262,42.00214816
chil,D05-BRP1,-87.80710669,42.00945005
chil,D05-MIA1,-87.79567324,42.02421505
chil,D05-PRC1,-87.8318759,42.02154012
chil,D06-KCG1,-87.85328609,42.07983052
chil,D07-ASC0,-87.88662949,42.05985363
chil,D07-NOC1,-87.87945486,42.09431792
chil,D08-CCC1,-87.92248236,42.15870422
chil,D08-DAW0,-87.89377889,42.12577912
chil,D08-DAW2,-87.90145123,42.13530185
chil,D09-CLG0,-87.9176414,42.18765769
chil,D09-RYW1,-87.90419482,42.1775919
chil,D09-VTC1,-87.9292671,42.20377534
chil,D10-CAN0,-87.93847762,42.24007189
chil,D10-MAC1,-87.92753011,42.25476444
chil,D10-VHC1,-87.94735573,42.22265299
chil,J01-BBS1,-87.61051042,41.84834938
chil,J01-CLP1,-87.65219937,41.91328435
chil,J01-LMP1,-87.61053666,41.83717173
chil,J01-NOR1,-87.60790591,41.86080165
chil,J01-SEP1,-87.63898576,41.90142019
chil,J01-SKP1,-87.66100717,41.87989095
chil,J01-UIC1,-87.6460853,41.86897406
chil,R02-DPG1,-87.69969807,41.86036917
chil,R02-FRP1,-87.73276152,41.86167611
chil,R02-HRF1,-87.71353018,41.86879099
chil,R03-AUP1,-87.76897765,41.88766256
chil,R03-CPG1,-87.7721358,41.87566237
chil,R03-EUC1,-87.79182537,41.86573343
chil,R03-MAP1,-87.80378089,41.86786605
chil,R04-MMW0,-87.83207106,41.85280337
chil,R04-MMW3,-87.82763197,41.86356253
chil,R04-SCH1,-87.8484205,41.85567851
chil,R05-FMG1,-87.91280438,41.84824061
chil,R05-GOC1,-87.88292622,41.85757554
chil,R05-MTC1,-87.91060758,41.86915824
chil,R05-STP1,-87.86937113,41.88326265
chil,R06-OTB1,-87.97779673,41.85248376
chil,R06-SLT2,-87.95678027,41.87464622
chil,R06-YOW1,-87.93312143,41.85870532
chil,R07-FSP1,-88.02228432,41.85090748
chil,R07-GOF1,-88.04194649,41.8658981
chil,R07-MMP1,-88.00296221,41.87405852
chil,R07-YHR1,-87.98972335,41.86578813
chil,R08-DAP1,-88.07916556,41.87515101
chil,R08-PAP1,-88.05904063,41.8561811
chil,R08-VLG1,-88.07091278,41.8521756
chil,R08-WBK1,-88.06135623,41.84175796
chil,R09-BLW1,-88.14724262,41.86309312
chil,R09-CTG0,-88.16212923,41.85014493
chil,R09-LIM0,-88.12305588,41.87106444
chil,R09-SMI1,-88.11233994,41.85279958
chil,R10-FRM1,-88.2632106,41.81899974
chil,R10-FRM2,-88.25455583,41.83329816
chil,R10-WCP0,-88.2299927,41.88948618
chil,R10-WDW0,-88.19222479,41.86593136
chil,S02-BNS1,-87.59306926,41.81198992
chil,S02-BRI1,-87.69796061,41.829108
chil,S02-MCP1,-87.67616828,41.82610396
chil,S02-PIP1,-87.73000452,41.83325462
chil,S02-PLP1,-87.64874972,41.84407767
chil,S02-TNW1,-87.60065692,41.82389815
chil,S03-JKP2,-87.58010698,41.78574236
chil,S03-LCP1,-87.75085536,41.81401666
chil,S03-PSP1,-87.73172978,41.7880381
chil,S03-VIP1,-87.7478189,41.80241759
chil,S03-WAP1,-87.71888828,41.81169474
chil,S04-HAP1,-87.77935426,41.7803347
chil,S04-OTW1,-87.80373503,41.81511794
chil,S04-SSP1,-87.79732651,41.79931501
chil,S05-LNC1,-87.84473133,41.74274601
chil,S05-RES1,-87.82363466,41.76135893
chil,S05-SFP0,-87.85898612,41.75885485
chil,S06-CBW0,-87.89252291,41.72879771
chil,S07-ARG1,-87.97052731,41.71888815
chil,S07-ARG2,-87.98063145,41.70899378
chil,S07-STJ1,-87.93211936,41.69819734
chil,S08-WGL1,-87.99914707,41.69378812
chil,S08-WGL3,-87.95901986,41.7045601
chil,S09-KTP1,-88.03380771,41.6782417
chil,S09-SMC1,-88.01264245,41.65701595
chil,S09-VTW0,-88.05987667,41.67081215
chil,S10-ILC1,-88.06930047,41.63776364
chil,S10-LEW1,-88.07710241,41.5993927
chil,S10-LPC1,-88.04816511,41.5915763
chil,S10-LPP0,-88.07212554,41.58289314
deco,E01-CHE1,-104.9682201,39.73452005
deco,E01-CON1,-104.9551402,39.7292898
deco,E01-CPE1,-104.9412496,39.75075042
deco,E01-CPW1,-104.9590396,39.74580966
deco,E01-SGP1,-104.99273,39.73061013
deco,E02-FTP1,-104.8994904,39.75219044
deco,E02-LIN1,-104.9317404,39.73360962
deco,E02-MCN1,-104.8991196,39.74395029
deco,E02-MON1,-104.9087401,39.73452998
deco,E02-VER1,-104.89079,39.73474964
deco,E03-CWP1,-104.8265496,39.75431997
deco,E03-DMP1,-104.8481194,39.72309019
deco,E03-GEN1,-104.8461294,39.74223968
deco,E03-SAC1,-104.8403695,39.75645989
deco,E03-SPG1,-104.8595303,39.74347034
deco,E04-APM1,-104.7983003,39.72698964
deco,E04-SCR1,-104.7720495,39.73501962
deco,E04-SKE1,-104.7948,39.74422003
deco,E04-SKW1,-104.8025604,39.7528301
deco,E04-TER1,-104.7684602,39.74813045
deco,W01-BAR1,-105.0274002,39.72290969
deco,W01-GCP1,-105.0162803,39.74689968
deco,W01-LIP1,-105.0044896,39.73665973
deco,W01-MAR1,-105.0412198,39.7305697
deco,W01-SLP1,-105.0403001,39.74427005
deco,W02-CHP1,-105.0980801,39.75691025
deco,W02-HOL1,-105.0975701,39.72888985
deco,W02-MOR1,-105.0870497,39.74593022
deco,W02-SUN1,-105.1150199,39.73368984
deco,W02-WBP1,-105.0608403,39.74338982
deco,W03-CPP1,-105.1397097,39.75611976
deco,W03-DAN1,-105.1415196,39.73695019
deco,W03-GRA1,-105.1263797,39.75172996
deco,W03-MGP1,-105.1634399,39.76001
deco,W04-APE1,-105.2191996,39.71931995
deco,W04-PVP1,-105.1724403,39.73688044
deco,W04-STM1,-105.1838097,39.74349
deco,W04-WES1,-105.1854795,39.72981976
deco,W04-WSP1,-105.24217,39.7531896
inin,M01-PRG1,-86.14124818,39.74438565
inin,M01-SAP1,-86.12861121,39.74171912
inin,M02-BCF1,-86.1406152,39.77277956
inin,M02-OBP1,-86.14025599,39.78822898
inin,M02-SBP2,-86.1196739,39.78596904
inin,M03-FCP1,-86.14297399,39.81116224
inin,M03-GWP1,-86.11833247,39.81657456
inin,M03-ISD1,-86.13977524,39.83346329
inin,M04-BAS1,-86.12840246,39.8541236
inin,M04-FRP1,-86.16023337,39.86121671
inin,M04-MAP1,-86.14044844,39.88649208
inin,M05-ISB2,-86.1452568,39.89465895
inin,M05-SDC1,-86.15046029,39.91705043
inin,M05-SGC1,-86.13142726,39.92478303
inin,M06-MCP1,-86.13240565,39.95072573
inin,M06-PGC1,-86.15310019,39.94570989
inin,M07-CAC1,-86.12920428,39.99009919
inin,M07-CCT1,-86.13636599,40.00913966
inin,M07-WFD1,-86.12472999,40.00861989
inin,M08-FTP1,-86.12030817,40.04949527
inin,M08-MMT2,-86.14102174,40.03963027
inin,M08-WGP1,-86.14166967,40.06086787
inin,W01-GFP3,-86.14888904,39.73541028
inin,W01-HCC1,-86.16041277,39.73534463
inin,W01-WRG1,-86.17047327,39.73915613
inin,W02-CRS2,-86.1886109,39.77663173
inin,W02-EMP1,-86.17451719,39.78617841
inin,W02-IZO3,-86.17611137,39.76756792
inin,W03-CHC1,-86.1806723,39.8272713
inin,W03-MEL1,-86.20509791,39.81830337
inin,W03-RGC1,-86.19830874,39.81072615
inin,W04-BHC2,-86.2244592,39.86829968
inin,W04-JSP1,-86.18721393,39.86592194
inin,W04-ROW1,-86.21018319,39.87946655
inin,W04-WPC1,-86.20619485,39.85516768
inin,W05-CPE1,-86.20734291,39.91649911
inin,W05-IHS1,-86.21531571,39.89896982
inin,W06-CNP1,-86.258519,39.94755918
inin,W06-LRF1,-86.24696409,39.9595064
inin,W06-UHS1,-86.21029945,39.95277002
inin,W07-INA1,-86.25558504,39.9860299
inin,W07-UES2,-86.24524842,40.00095335
inin,W07-WAF1,-86.23535231,40.01085586
inin,W08-NST3,-86.24444302,40.04084456
inin,W08-ROS1,-86.28525381,40.04458211
ioio,A01-RES1,-91.64490111,41.80741902
ioio,A01-WMA1,-91.65174984,41.7988532
ioio,A01-WMA2,-91.69326867,41.81164522
ioio,A01-WMA3,-91.67442613,41.81405925
ioio,A02-FUH1,-91.64792741,41.76023245
ioio,A02-MET1,-91.60995524,41.77062335
ioio,A02-RES2,-91.63778085,41.79291508
ioio,A02-WMA4,-91.65983228,41.77545826
ioio,A03-CNA1,-91.5913787,41.7447909
ioio,A03-JOY1,-91.60218162,41.73687981
ioio,A03-YSC1,-91.59664782,41.72262667
ioio,A04-AUB1,-91.57727491,41.71304836
ioio,A04-DOV1,-91.55577808,41.70787146
ioio,A04-PEN1,-91.55985277,41.67447127
ioio,A04-WAT1,-91.55086992,41.68825588
ioio,A05-BEN1,-91.54837917,41.64991832
ioio,A05-CRE1,-91.5078094,41.65115504
ioio,A05-SAN1,-91.54614971,41.66575122
ioio,A05-SHI1,-91.52935225,41.68022762
ioio,A06-SHP1,-91.52510631,41.63096875
ioio,A06-SYC1,-91.50345434,41.62762651
ioio,A06-SYC2,-91.50317826,41.61724697
ioio,A06-TTB1,-91.52787525,41.61954747
ioio,A07-CCG2,-91.59518298,41.68390195
ioio,A07-UIO1,-91.58142928,41.66951568
ioio,A08-PET1,-91.50418831,41.74424712
ioio,A08-RES3,-91.54411563,41.72507132
ioio,A08-RES4,-91.52301518,41.72457682
ioio,A08-TCP1,-91.51706121,41.74246857
ioio,A09-HRP1,-91.59207443,41.6506691
ioio,A09-KEN1,-91.59403025,41.64080346
ioio,A09-TOK1,-91.60852939,41.63993512
ioio,A09-WCP1,-91.56702402,41.64254149
ioio,A10-ACT1,-91.49790002,41.68224361
ioio,A10-GIL1,-91.48597295,41.6995152
ioio,A10-HHP1,-91.51105313,41.67559664
ioio,A10-HPR1,-91.48861703,41.67589818
jams,ALP,-90.22080445,32.27770733
jams,BAP,-90.20431322,32.28626965
jams,BGP,-90.34643765,32.32919469
jams,BOP,-90.15188795,32.33577021
jams,BRP,-90.10601844,32.29676653
jams,CHS,-90.15763688,32.35636751
jams,CLN,-90.31834265,32.34302765
jams,CON,-90.07393613,32.27603724
jams,CRN,-90.0994292,32.47441666
jams,FOP,-90.17781832,32.34104201
jams,FRP,-90.12109603,32.41324288
jams,GAS,-90.19127841,32.3254733
jams,GRC,-90.18278543,32.31031618
jams,GRN,-90.08889775,32.48832873
jams,LAC1,-90.28995272,32.33619881
jams,LAC2,-90.29483553,32.3434271
jams,LAP,-90.16179748,32.31669823
jams,LEN,-90.15524093,32.32331291
jams,LGN,-89.9705076,32.27562094
jams,LIP,-90.13183598,32.4597419
jams,MAN,-90.09684926,32.45605424
jams,MAP,-90.16013228,32.37337484
jams,MAS,-90.06893426,32.52032285
jams,MFC,-90.18327016,32.31077784
jams,MFP,-90.18359654,32.30023562
jams,MIP,-90.17893512,32.32627974
jams,MOC,-90.12675134,32.47684703
jams,MON,-90.07634971,32.53383935
jams,NAC,-90.12075866,32.44758736
jams,NON,-90.12587141,32.40108972
jams,NTE,-90.1246836,32.42612807
jams,NTW,-90.36201857,32.32916093
jams,OLC,-89.99234108,32.27571815
jams,OLS,-90.13657404,32.43234993
jams,PAG,-90.05226339,32.26295513
jams,PAN,-90.10849501,32.5075346
jams,PAP,-90.14398688,32.36480489
jams,PEG1,-90.10535546,32.27655453
jams,PEG2,-90.10671684,32.26811029
jams,SOP,-89.97174868,32.26259039
jams,TON,-90.1645872,32.40386085
jams,TOP,-90.16177586,32.39487118
jams,TWR,-90.08667132,32.49963751
jams,VAP,-90.24708629,32.31940042
jams,WEP,-90.27934314,32.31027195
jams,WOP,-90.11480791,32.43879542
lrar,LRAR-ALS1,-92.31821583,34.76207255
lrar,LRAR-BUR1,-92.32771564,34.79521979
lrar,LRAR-BUR2,-92.3080896,34.78789578
lrar,LRAR-BUR3,-92.30806142,34.80304505
lrar,LRAR-COM1,-92.39539703,34.82587378
lrar,LRAR-CON1,-92.23346424,34.76238007
lrar,LRAR-COO1,-92.35592782,34.79681517
lrar,LRAR-CPL1,-92.25697124,34.74737633
lrar,LRAR-DDT1,-92.1674198,34.67330411
lrar,LRAR-DDT2,-92.14570283,34.6644068
lrar,LRAR-EAS1,-92.2424118,34.74340909
lrar,LRAR-EMR1,-92.29533531,34.77231247
lrar,LRAR-KNO1,-92.30228472,34.7568423
lrar,LRAR-MAU2,-92.4320727,34.82929683
lrar,LRAR-MUR1,-92.35119336,34.78858405
lrar,LRAR-MUR2,-92.33297158,34.78460802
lrar,LRAR-OTT1,-92.16382346,34.73351668
lrar,LRAR-PIN1,-92.46978493,34.84551827
lrar,LRAR-PIN2,-92.45110617,34.84336138
lrar,LRAR-REB1,-92.32246073,34.781484
lrar,LRAR-RIC1,-92.19832773,34.71670552
lrar,LRAR-RIV1,-92.26814106,34.74933766
lrar,LRAR-ROS1,-92.20125368,34.75198326
lrar,LRAR-SHE1,-92.25143493,34.75798312
lrar,LRAR-TMP1,-92.2669455,34.74121466
lrar,LRAR-TRP1,-92.40971931,34.81097499
lrar,LRAR-TRP2,-92.39146878,34.81431176
lrar,LRAR-TRP3,-92.38610977,34.80418519
lrar,LRAR-WIL1,-92.14022459,34.70025815
mawi,MAWI-M01-AMF1,-89.29484,43.15895
mawi,MAWI-M01-BRT1,-89.46038,43.00241
mawi,MAWI-M01-BRT2,-89.46098,43.01099
mawi,MAWI-M01-BRT3,-89.46164,43.02083
mawi,MAWI-M01-CCT2,-89.3649,43.08432
mawi,MAWI-M01-CCT3,-89.35457,43.0905
mawi,MAWI-M01-CCT4,-89.34554,43.09532
mawi,MAWI-M01-POR1,-89.3156,43.1311
mawi,MAWI-M01-POR2,-89.30998,43.14017
mawi,MAWI-M01-RDP1,-89.31874,43.12249
mawi,MAWI-M01-STC1,-89.34123,43.1037
mawi,MAWI-M01-STC3,-89.33308,43.11807
mawi,MAWI-M01-SWC1,-89.4602,43.0293
mawi,MAWI-M01-SWC2,-89.4589,43.03815
mawi,MAWI-M01-SWC3,-89.45329,43.04538
mawi,MAWI-M01-SWC4,-89.4437,43.0507
mawi,MAWI-M01-SWC5,-89.43479,43.05715
mawi,MAWI-M01-SWC6,-89.42522,43.06362
mawi,MAWI-M01-SWC7,-89.41445,43.06748
mawi,MAWI-M01-SWC8,-89.40368,43.07082
mawi,MAWI-M01-SWC9,-89.39123,43.06671
mawi,MAWI-M01-UWH1,-89.30319,43.15352
naca,NCAP-DC-ARB1,-76.95794147,38.90924733
naca,NCAP-DC-BEH1,-77.00917345,38.81857916
naca,NCAP-DC-BHP1,-76.9715876,38.93894995
naca,NCAP-DC-CHA1,-76.94597324,38.89032742
naca,NCAP-DC-CON1,-76.97645074,38.88159336
naca,NCAP-DC-FBP1,-77.0774244,38.90521742
naca,NCAP-DC-FDU1,-76.94223263,38.8744773
naca,NCAP-DC-FSP1,-77.01459561,38.96047064
naca,NCAP-DC-KEN1,-76.94227813,38.91592444
naca,NCAP-DC-NAT1,-77.03780068,38.9050375
naca,NCAP-DC-NSP1,-77.06080802,38.92157729
naca,NCAP-DC-OLV1,-76.98031853,38.91231173
naca,NCAP-DC-PBP1,-76.96481818,38.87716289
naca,NCAP-DC-RCC1,-77.01661296,38.94614553
naca,NCAP-DC-RCP1,-77.0530366,38.98663279
naca,NCAP-DC-RCP2,-77.05156274,38.96621013
naca,NCAP-DC-RCP3,-77.04308754,38.93683689
naca,NCAP-DC-SHE1,-77.00488117,38.85073003
naca,NCAP-DC-SOV1,-77.06260318,38.94647685
naca,NCAP-MD-BSP1,-76.90151137,38.84516072
naca,NCAP-MD-CCC1,-77.08375527,38.99385476
naca,NCAP-MD-CRG1,-76.98718805,38.81449514
naca,NCAP-MD-CVH1,-77.05858125,39.02836006
naca,NCAP-MD-FFP1,-77.02860458,38.76989318
naca,NCAP-MD-GCP1,-76.89170648,38.95526114
naca,NCAP-MD-HCR1,-76.93378868,38.81424718
naca,NCAP-MD-IST1,-77.00964784,39.01608589
naca,NCAP-MD-KCP1,-76.89816061,38.92449842
naca,NCAP-MD-LFP1,-77.1156194,38.94723946
naca,NCAP-MD-LFP2,-77.10765925,38.95857413
naca,NCAP-MD-LFP3,-77.10228228,38.97342974
naca,NCAP-MD-MRC1,-76.87937216,38.88390399
naca,NCAP-MD-NWP1,-77.0113519,39.0488985
naca,NCAP-MD-PBP1,-76.930816,38.98657557
naca,NCAP-MD-PGM1,-76.96523444,38.97075087
naca,NCAP-MD-RCP1,-76.98591197,38.9646161
naca,NCAP-MD-RCS2,-77.07618895,39.00912668
naca,NCAP-MD-SCG1,-77.03018717,39.01381096
naca,NCAP-MD-SLC1,-77.03033085,39.03417137
naca,NCAP-MD-SLP1,-76.92975809,38.83814668
naca,NCAP-MD-SYC1,-77.13137509,38.95668361
naca,NCAP-MD-TCC1,-76.98255358,38.78400129
naca,NCAP-MD-TPB1,-77.00935414,38.98359569
naca,NCAP-MD-WMR1,-76.86755339,38.87237098
naca,NCAP-VA-ANC1,-77.07668246,38.88252478
naca,NCAP-VA-ARM1,-77.08247447,38.85268765
naca,NCAP-VA-BAR1,-77.10167788,38.84702747
naca,NCAP-VA-BBP1,-77.11480335,38.8112899
naca,NCAP-VA-BLU1,-77.1285257,38.86717456
naca,NCAP-VA-BMP1,-77.15020444,38.80747186
naca,NCAP-VA-BSH1,-77.1298506,38.79335624
naca,NCAP-VA-CPL1,-77.04268873,38.86447323
naca,NCAP-VA-DAI1,-77.03860874,38.8289536
naca,NCAP-VA-DOK1,-77.13049648,38.83280956
naca,NCAP-VA-FMR1,-77.05778908,38.84058294
naca,NCAP-VA-FTW1,-77.09522577,38.81011101
naca,NCAP-VA-JDP1,-77.21866259,38.87639846
naca,NCAP-VA-JPP1,-77.04201139,38.79564575
naca,NCAP-VA-LBJ1,-77.05422013,38.88030925
naca,NCAP-VA-LEE1,-77.10881939,38.77238327
naca,NCAP-VA-LIC1,-77.14072756,38.84055146
naca,NCAP-VA-LOF1,-77.10560757,38.79505723
naca,NCAP-VA-MBL1,-77.14626639,38.92892977
naca,NCAP-VA-MCC1,-77.18547117,38.94009534
naca,NCAP-VA-MDP1,-77.17310673,38.83202433
naca,NCAP-VA-MHP1,-77.15734748,38.90061382
naca,NCAP-VA-MON1,-77.06995219,38.83371832
naca,NCAP-VA-MTV1,-77.06477472,38.77212483
naca,NCAP-VA-POT1,-77.10504628,38.91238114
naca,NCAP-VA-PRC1,-77.21178644,38.86058104
naca,NCAP-VA-RTP1,-77.19158624,38.84861809
naca,NCAP-VA-TKY1,-77.15149761,38.9646035
naca,NCAP-VA-TRI1,-77.06149986,38.89486768
naca,NCAP-VA-UPT1,-77.14190819,38.87260621
naca,NCAP-VA-WAR1,-77.10075019,38.83037511
phaz,1-01_AF14,-111.5989276,33.53752345
phaz,1-02_EME,-112.3101081,33.35256731
phaz,1-03_EMW,-112.3742971,33.30190886
phaz,1-04_J9,-112.5632046,33.70775493
phaz,1-05_MCS,-111.7188048,33.6444852
phaz,1-06_T21,-112.1377297,33.31043334
phaz,1-07_UMP,-111.606572,33.45378566
phaz,1-08_V9,-112.0507785,33.74519415
phaz,1-09_W19,-111.9998883,33.36104515
phaz,1-10_GOAT,-112.5082694,33.57163148
phaz,2-01_AF19,-111.6190291,33.35784596
phaz,2-02_E12,-112.7776164,33.623515
phaz,2-03_EMP,-112.3717439,33.3651593
phaz,2-04_I17,-112.5775377,33.44090435
phaz,2-05_MCN,-111.6947447,33.72471256
phaz,2-06_PWP,-112.0157957,33.5649291
phaz,2-07_SMW,-112.0794943,33.33972445
phaz,2-08_TONTO,-111.6108661,33.55965281
phaz,2-09_U13,-112.0832987,33.59835797
phaz,2-10_WTM,-112.4988663,33.60601533
phaz,3-01_AC16,-111.7175753,33.48034138
phaz,3-02_AVE35,-112.1333714,33.41013481
phaz,3-03_DBG,-111.9430555,33.45592194
phaz,3-04_O17,-112.3396547,33.42151668
phaz,3-05_R10,-112.2019334,33.68898214
phaz,3-06_S9,-112.1795691,33.71742595
phaz,3-07_SME,-111.9863071,33.37477295
phaz,3-08_W18,-111.9998348,33.38548786
phaz,3-09_X12,-111.9621293,33.62957326
phaz,3-10_Y10,-111.91887,33.67283261
phaz,4-01_AB20,-111.7798501,33.33583428
phaz,4-02_AE19,-111.6499857,33.38122894
phaz,4-03_R13,-112.2226973,33.59182793
phaz,4-04_RIO,-112.0759758,33.42137868
phaz,4-05_S14,-112.1708565,33.55147419
phaz,4-06_V16,-112.0496548,33.47120944
phaz,4-07_ASUW,-112.1657109,33.60780009
phaz,4-08_Z20,-111.8633615,33.34989339
phaz,4-09_AA17,-111.8055208,33.45472719
phaz,4-10_AC19,-111.7054678,33.38742007
phaz,5-01_AD18,-111.6729695,33.38796133
phaz,5-02_AB18,-111.7803727,33.41123405
phaz,5-03_R14,-112.2026619,33.54972628
phaz,5-04_Y19,-111.911368,33.37669871
phaz,5-05_T14,-112.1064217,33.54981211
phaz,5-06_S16,-112.1561427,33.46972074
phaz,5-07_TYARD,-111.9765023,33.40930416
phaz,5-08_X18,-111.9271839,33.41843128
phaz,5-09_U17,-112.070934,33.45398133
phaz,5-10_V17,-112.0323243,33.43726264
phaz2,01_T01,-111.555289,33.55147242
phaz2,02_T02,-111.5676748,33.5494861
phaz2,03_T03,-111.5804147,33.55544296
phaz2,04_T04,-111.5911561,33.54928601
phaz2,05_T05,-111.6021308,33.54747435
phaz2,06_T06,-111.6078501,33.55664617
phaz2,07_T07,-111.6196502,33.55719196
phaz2,08_T08,-111.6300455,33.55416311
phaz2,09_T09,-111.6410805,33.55034539
phaz2,10_T10,-111.6526151,33.54862556
phaz2,11_T11,-111.6627262,33.54533391
phaz2,12_T12,-111.6709277,33.53895816
phaz2,13_T13,-111.667892,33.52935993
phaz2,14_T14,-111.6749356,33.51971612
phaz2,15_T15,-111.6849177,33.51425872
phaz2,16_V01,-111.8752364,33.43673913
phaz2,17_V02,-111.8912083,33.43642695
phaz2,19_V04,-111.9164315,33.43918341
phaz2,20_V05,-111.9243358,33.42978979
phaz2,21_V06,-111.9469755,33.43543641
phaz2,22_V07,-111.958882,33.43526375
phaz2,23_N01,-111.981605,33.43080184
phaz2,24_N02,-111.9933467,33.42660461
phaz2,25_N03,-112.0068437,33.42363669
phaz2,26_V08,-112.0221879,33.41683697
phaz2,27_V09,-112.0330303,33.41694558
phaz2,28_V10,-112.0459485,33.41707182
phaz2,29_N04,-112.0578008,33.41975824
phaz2,30_V11,-112.0683959,33.42072267
phaz2,31_V12,-112.0793766,33.41980686
phaz2,32_V13,-112.0897659,33.41375438
phaz2,33_V14,-112.1005945,33.41110637
phaz2,34_N05,-112.1133108,33.41064115
phaz2,35_N06,-112.1270356,33.41084191
phaz2,36_N07,-112.1412871,33.41019753
phaz2,37_N08,-112.1523502,33.40835458
phaz2,38_N09,-112.1652477,33.40782825
phaz2,39_N10,-112.1777024,33.40080206
phaz2,40_N11,-112.1906028,33.39821674
phaz2,41_V15,-112.2235871,33.39101436
phaz2,42_V16,-112.2435679,33.38982364
phaz2,43_V17,-112.2579077,33.38965204
poor,POOR-E01-OB1,-122.6502546,45.48446412
poor,POOR-E02-OB2,-122.6641039,45.46875363
poor,POOR-E03-JCP,-122.6422807,45.46049629
poor,POOR-E04-TJP,-122.6236543,45.46286676
poor,POOR-E06-BEL,-122.5939299,45.45538397
poor,POOR-E08-WFP,-122.5756639,45.46593899
poor,POOR-E11-BTP,-122.5506244,45.47790482
poor,POOR-E12-128,-122.5307754,45.48151549
poor,POOR-E13-PB1,-122.5129709,45.48072087
poor,POOR-E15-PB3,-122.4918232,45.48323908
poor,POOR-E17-JBP,-122.4796804,45.48039405
poor,POOR-E18-SW7,-122.440207,45.49460928
poor,POOR-E19-MAP,-122.4224355,45.49155042
poor,POOR-E20-HOR,-122.4143233,45.48151783
poor,POOR-W01-GHP,-122.6838545,45.47583092
poor,POOR-W02-MNP,-122.6952345,45.49134385
poor,POOR-W03-CCP,-122.7089462,45.49777043
poor,POOR-W04-WHA,-122.719672,45.51579951
poor,POOR-W09-TBP,-122.8049976,45.54046
poor,POOR-W10-HRP,-122.8279622,45.54940795
poor,POOR-W11-TWP,-122.8459972,45.5410627
poor,POOR-W13-BLP,-122.8750026,45.55576984
poor,POOR-W14-PSF,-122.8930009,45.55740831
rony,RCNY-C01-SNP1,-77.61955846,43.21317743
rony,RCNY-C01-TPP1,-77.61454951,43.24516674
rony,RCNY-C01-TPP2,-77.61788558,43.22816263
rony,RCNY-C02-MWP1,-77.62889147,43.18198886
rony,RCNY-C02-SNP2,-77.62003595,43.20047062
rony,RCNY-L01-BBP1,-77.71420273,43.30245082
rony,RCNY-L01-RWA1,-77.71385625,43.28940323
rony,RCNY-L02- BPP1,-77.68989876,43.28222607
rony,RCNY-L03-BRP1,-77.6431893,43.25772614
rony,RCNY-L03-OBP1,-77.61100333,43.26046473
rony,RCNY-L04-DEB1,-77.57720581,43.24286326
rony,RCNY-L04-DEP1,-77.57194025,43.23334741
rony,RCNY-L04-DEP2,-77.55411684,43.23383704
rony,RCNY-S01-BSP1,-77.62354675,43.16005132
rony,RCNY-S01-GGP1,-77.60882343,43.14877275
rony,RCNY-S01-HFP1,-77.6132172,43.16298914
rony,RCNY-S01-HLP1,-77.60841853,43.12798216
rony,RCNY-S01-MHC1,-77.61675373,43.13490508
rony,RCNY-S02-GVP1,-77.63511623,43.11845581
rony,RCNY-S02-GVP2,-77.66036391,43.10940719
rony,RCNY-S03-BDP1,-77.70943513,43.07791062
rony,RCNY-S03-RIT1,-77.68547809,43.08117702
rony,RCNY-S03-RIT2,-77.66682375,43.09034774
scut,BC_02,-111.77257,40.6204
scut,BC_03,-111.76256,40.62304
scut,BC_05,-111.743836,40.623757
scut,BC_07,-111.72723,40.63565
scut,BC_08,-111.71469,40.63243
scut,BC_09,-111.70475,40.63301
scut,BC_10,-111.69379,40.62894
scut,BC_11,-111.68695,40.62135
scut,BC_12,-111.67922,40.61111
scut,BC_14,-111.68459,40.64183
scut,BC_15,-111.67318,40.6436
scut,BC_17,-111.65493,40.65142
scut,BC_18.2019,-111.6508,40.63898
scut,BC_20,-111.65656,40.62589
scut,BC_21,-111.65266,40.61243
scut,BC_24.2019,-111.6336,40.65134
scut,BC_25,-111.6285,40.6601
scut,BC_26,-111.6381,40.6663
scut,BC_26.2019,-111.6584,40.6661
scut,BC_28.2019,-111.63661,40.63269
scut,BC_30.2019,-111.61733,40.63904
scut,BC_31,-111.6045,40.63029
scut,BC_33.2019,-111.61426,40.62191
scut,BC_34,-111.62067,40.61339
scut,BC_36,-111.59193,40.61649
scut,BC_37.2019,-111.58305,40.61271
scut,BC_38.2019,-111.5694,40.60884
scut,BC_40,-111.56115,40.59362
scut,BC_40.2019,-111.59772,40.5959
scut,BC_41,-111.58485,40.59626
scut,BC_42.2019,-111.58072,40.58248
scut,Big Cottonwood Regional Park Wetlands.2019,-111.8621,40.6812
scut,Bonneville Golf Course.2019,-111.82602,40.74598
scut,CC_02,-111.87435,40.79792
scut,CC_03,-111.86766,40.80489
scut,CC_05,-111.84598,40.80946
scut,CC_06.2019,-111.83475,40.81452
scut,CC_08,-111.81475,40.81972
scut,CC_09,-111.80322,40.82426
scut,CC_10,-111.79059,40.82547
scut,CC_13,-111.7618,40.83016
scut,CC_13.2019,-111.7619,40.84031
scut,CC_14.2019,-111.7484,40.8336
scut,Creekside Park.2019,-111.84863,40.6656
scut,Crestwood Park.2019,-111.84114,40.61404
scut,DC_01,-111.83017,40.78442
scut,DC_03.2019,-111.81991,40.78883
scut,DD_01,-111.826046,40.558583
scut,DD_05.2019,-111.84956,40.56102
scut,DD_06.2019,-111.8599,40.56486
scut,DD_07.2019,-111.8706,40.5692
scut,EM_01,-111.80105,40.75114
scut,EM_02,-111.74737,40.7453
scut,EM_03,-111.7771,40.76467
scut,EM_04,-111.7537,40.7694
scut,EM_05,-111.74828,40.77681
scut,EM_08,-111.70087,40.80789
scut,General Holm Park N.2019,-111.92099,40.68912
scut,JR_02,-111.9418,40.8149
scut,JR_06.2019,-111.9362,40.7895
scut,JR_07,-111.91963,40.74972
scut,JR_08,-111.92445,40.73713
scut,JR_09,-111.9247,40.72901
scut,JR_12.2019,-111.90679,40.55569
scut,JR_13.2019,-111.91584,40.55063
scut,JRP_02,-111.91275,40.59184
scut,LC_01,-111.77578,40.5718
scut,LC_02,-111.76409,40.57186
scut,LC_07,-111.7096,40.5704
scut,LC_09.2019,-111.69088,40.57329
scut,LC_12.2019,-111.67933,40.54349
scut,LC_13,-111.67956,40.57446
scut,LC_14,-111.66931,40.57762
scut,LC_15,-111.66171,40.56954
scut,LC_16.2019,-111.65896,40.58279
scut,LC_17,-111.6474,40.57717
scut,LC_18,-111.65088,40.58828
scut,LC_20,-111.62676,40.5925
scut,LC_22.2019,-111.61378,40.57499
scut,Little Confluence.2019,-111.90869,40.66421
scut,Lost Lad.2019,-111.88379,40.81164
scut,MC_01,-111.78173,40.68947
scut,MC_02,-111.7696,40.69101
scut,MC_06,-111.7422,40.70657
scut,MC_08,-111.7202,40.6986
scut,MC_09.2019,-111.71385,40.68981
scut,MC_10,-111.709,40.6821
scut,MC_11,-111.70876,40.69664
scut,MC_12,-111.6987,40.70128
scut,MC_14,-111.68488,40.69925
scut,MC_15,-111.67468,40.69527
scut,MC_17,-111.65616,40.68827
scut,MC_18,-111.64748,40.68412
scut,MC_19,-111.63618,40.68459
scut,MC_21,-111.60749,40.68374
scut,MCBC_02,-111.7888,40.63926
scut,MCBC_03.2019,-111.76384,40.67415
scut,MCBC_04.2019,-111.75004,40.67228
scut,MCBC_05.2019,-111.78111,40.58945
scut,MCBC_09.2019,-111.71053,40.64991
scut,MCBC_10.2019,-111.70158,40.65384
scut,Mount Wire Ridgeline.2019,-111.79693,40.7713
scut,NHMU,-111.8205,40.758667
scut,Oxbow.2019,-111.9257,40.70165
scut,Parley's Point.2019,-111.80226,40.72059
scut,Parley's.Nature.Park,-111.80582,40.71001
scut,PC_01,-111.7903,40.7103
scut,PC_02.2019,-111.77692,40.72046
scut,PC_03.2019,-111.7579,40.73129
scut,PC_04,-111.73885,40.74137
scut,PC_06,-111.71935,40.72845
scut,PC_06.2019,-111.71936,40.5435
scut,PC_08.2019,-111.7083,40.7168
scut,PC_09.2019,-111.71705,40.75231
scut,PC_11,-111.70751,40.76412
scut,PC_12,-111.7166,40.77179
scut,PC_13,-111.70114,40.77914
scut,PC_14,-111.68932,40.77702
scut,PC_15,-111.6813,40.78571
scut,PC_16,-111.68009,40.79428
scut,PC_16.2019,-111.68027,40.7493
scut,PC_17,-111.67848,40.8036
scut,PC_18.2019,-111.67878,40.8122
scut,PC_20.2019,-111.6891,40.82634
scut,PC_21,-111.6982,40.8299
scut,PC_22,-111.69013,40.74483
scut,PC_23,-111.64234,40.74548
scut,PC_24,-111.62725,40.75037
scut,PC_25,-111.67104,40.73598
scut,PC_26,-111.66509,40.7288
scut,PC_27,-111.65747,40.71977
scut,PC_29,-111.64026,40.71964
scut,PC_31.2019,-111.61758,40.71482
scut,PC_33,-111.600196,40.706356
scut,RB_01,-111.81495,40.77648
scut,RB_06.2019,-111.7837,40.80763
scut,RB_08,-111.78236,40.79116
scut,RB_09,-111.77442,40.79879
scut,RB_10,-111.76513,40.80407
scut,Spring Gulch,-111.8434,40.7849
scut,Sunnyside Park.2019,-111.83939,40.75171
scut,Upper Hell Canyon,-111.8897,40.8029
scut,Wasatch Hollow,-111.8413,40.7373
scut,WF_01,-111.84082,40.6339
scut,WF_02.2019,-111.85996,40.63282
scut,WF_03.2019,-111.86188,40.6572
sewa,SEWA_N01_DSP1_AP19_OFF,-122.41942,47.6598
sewa,SEWA_N01_LTP1_AP19_OFF,-122.39368,47.65483
sewa,SEWA_N01_LWP1_AP19_OFF,-122.34397,47.66776
sewa,SEWA_N01_PGP1_AP19_OFF,-122.35731,47.55922
sewa,SEWA_N02_DRP1_AP19_OFF,-122.3603,47.64354
sewa,SEWA_N02_PHN1_AP19_OFF,-122.359,47.672
sewa,SEWA_N02_WCP1_AP19_OFF,-122.33716,47.52452
sewa,SEWA_N03_BGP1_AP19_OFF,-122.28342,47.66681
sewa,SEWA_N03_IRP1_AP19_OFF,-122.31709,47.67966
sewa,SEWA_N03_MGP1_AP19_OFF,-122.25092,47.68166
sewa,SEWA_N03_RVP1_AP19_OFF,-122.31107,47.67356
sewa,SEWA_N04_HFW1_AP19_OFF,-122.19162,47.70676
sewa,SEWA_N04_JBP1_AP19_OFF,-122.20347,47.69558
sewa,SEWA_N05_NRP1_AP19_OFF,-122.17332,47.68709
sewa,SEWA_N05_SVP1_AP19_OFF,-122.1512,47.70668
sewa,SEWA_N06_MBC1_AP19_OFF,-122.08887,47.70462
sewa,SEWA_N06_SWD1_AP19_OFF,-122.10423,47.71024
sewa,SEWA_N07_FRD1_AP19_OFF,-122.00757,47.75108
sewa,SEWA_N07_RHF1_AP19_OFF,-122.01735,47.74043
sewa,SEWA_N07_RWP1_AP19_OFF,-122.04349,47.7116
sewa,SEWA_N08_DOS1_AP19_OFF,-121.96749,47.74577
sewa,SEWA_S01_TMP1_AP19_OFF,-122.35082,47.56718
sewa,SEWA_S02_DWP1_AP19_OFF,-122.32024,47.53195
sewa,SEWA_S02_MSR1_AP19_OFF,-122.3086,47.54984
sewa,SEWA_S02_MWP1_AP19_OFF,-122.31937,47.56073
sewa,SEWA_S02_WDG1_AP19_OFF,-122.34569,47.54149
sewa,SEWA_S03_HCN1_AP19_OFF,-122.30736,47.51622
sewa,SEWA_S04_FGL1_AP19_OFF,-122.26262,47.48434
sewa,SEWA_S05_BRF1_AP19_OFF,-122.24035,47.47522
sewa,SEWA_S06_MPO1_AP19_OFF,-122.11053,47.44984
sewa,SEWA_S06_TCC1_AP19_OFF,-122.17861,47.46189
sewa,SEWA_S07_TRN1_AP19_OFF,-122.04184,47.42001
sewa,SEWA_S08_TMF1_AP19_OFF,-121.95002,47.42279
slmo,ARH1,-90.18738854,38.621244
slmo,BBP1,-90.34126305,38.58006563
slmo,BDP1,-90.48924112,38.53720401
slmo,BEN1,-90.22388015,38.59697939
slmo,CHP1,-90.2911289,38.61450368
slmo,EMG1,-90.43272272,38.54715005
slmo,FRP1,-90.30217478,38.58664867
slmo,HSU1,-90.22455908,38.6326735
slmo,KWP1,-90.42175221,38.58123684
slmo,LAF1,-90.21728638,38.61520224
slmo,LKL1,-90.21347216,38.62592288
slmo,MEP1,-90.20268284,38.62899876
slmo,MLP1,-90.48898934,38.54674932
slmo,OWP1,-90.50610209,38.56117112
slmo,PCP1,-90.20812835,38.66969432
slmo,PVC1,-90.42808626,38.55813053
slmo,RBP1,-90.38977366,38.55935426
slmo,RDP1,-90.31130169,38.57893024
slmo,RRC1,-90.32615255,38.57278362
slmo,RSP1,-90.60916799,38.51151351
slmo,RSP2,-90.60116095,38.50468203
slmo,SHC1,-90.35876638,38.59731061
slmo,SSP1,-90.46916378,38.55362032
slmo,SSP2,-90.46462347,38.55352202
slmo,SWP1,-90.36856431,38.57266424
slmo,TGP1,-90.25057869,38.60553864
slmo,TGP2,-90.26698191,38.60898646
slmo,TLP1,-90.29085948,38.60152345
slmo,TRC1,-90.5491939,38.5361324
slmo,TRC2,-90.56081439,38.52934722
slmo,TRC3,-90.5535059,38.51721104
slmo,TRP1,-90.23329599,38.61732552
slmo,UGP1,-90.44188088,38.55257646
slmo,WBC1,-90.38231937,38.57819861
slmo,WBS1,-90.53683269,38.54001754
slmo,WTP1,-90.58643621,38.52978836
slmo,WTP2,-90.57834278,38.51664636
slmo,WTP3,-90.58927722,38.51065499
tawa,B-TP,-122.5523396,47.25251065
tawa,G-CBP1,-122.4268266,47.18831902
tawa,G-CLP2,-122.5104948,47.24560424
tawa,G-FP1,-122.4800131,47.24660376
tawa,G-IP,-122.4630498,47.23565994
tawa,G-JP,-122.4897943,47.25735582
tawa,G-KP,-122.508394,47.26985488
tawa,G-OTP,-122.4768246,47.18791936
tawa,G-SB,-122.5299695,47.2982002
tawa,G-SERA,-122.4911899,47.20279106
tawa,G-SP,-122.4808199,47.21085216
tawa,G-TNC2,-122.4903011,47.2403511
tawa,G-VP,-122.5200163,47.27989233
tawa,G-WLP2,-122.4715401,47.17765031
tawa,G-WP2,-122.4584696,47.1983578
tawa,P-BLP,-122.2828362,47.16167334
tawa,P-CCP,-122.3202249,47.18142814
tawa,P-CUP,-122.4713203,47.27292925
tawa,P-DPV,-122.5443941,47.31742483
tawa,P-GP,-122.4574561,47.26989499
tawa,P-GW1,-122.410001,47.24797436
tawa,P-JCP,-122.5048876,47.28576687
tawa,P-LCC,-122.3943541,47.23295534
tawa,P-MCP,-122.4438745,47.25390274
tawa,P-MKP2,-122.4247164,47.23509146
tawa,P-OB,-122.5304582,47.31322937
tawa,P-OLT,-122.2727445,46.91261414
tawa,P-OV2,-122.3432769,46.87009737
tawa,P-PCNA1,-122.4853272,47.27641239
tawa,P-PDP,-122.5183507,47.30607047
tawa,P-RP,-122.5122539,47.29722634
tawa,P-RT,-122.3100545,47.20341368
tawa,P-RWSR,-122.268457,46.92563529
tawa,P-SCP1,-122.3966602,47.22197141
tawa,P-STP,-122.4917336,47.28534935
tawa,P-TE1,-122.2802985,46.92220075
tawa,P-TE2,-122.2795105,46.9221958
tawa,P-UCC,-122.3818244,47.22775932
tawa,P-UWT,-122.4401704,47.24287966
tawa,P-WBC,-122.3015628,47.17033767
tawa,P-WP,-122.4496319,47.26202909
tawa,P-WWP,-122.2766559,47.17279268
uril,UT10a-MA,-88.20546971,40.09240855
uril,UT11b-PN,-88.21532822,40.08608909
uril,UT12a-CW,-88.22222021,40.07466482
uril,UT13b-EX,-88.21003482,40.07794603
uril,UT14a-FF,-88.2280261,40.05577389
uril,UT15a-FP,-88.21439391,40.05330488
uril,UT16a-BC,-88.23091661,40.08087926
uril,UT17a-SW,-88.23006122,40.06593286
uril,UT17b-SW,-88.23618132,40.07172378
uril,UT18a-WT,-88.05145752,40.10526094
uril,UT19a-ND,-88.09011016,40.11364264
uril,UT1a-HL1,-87.98361994,40.07360318
uril,UT20b-EF,-88.19977362,40.07264716
uril,UT21a-PR,-88.18483592,40.12352338
uril,UT22a-CS,-88.19678742,40.12042741
uril,UT23a-BU,-88.21301337,40.12548396
uril,UT24a-MB,-88.174138,40.12723606
uril,UT25a-HH,-88.21110494,40.10126897
uril,UT26a-JH,-88.1502734,40.1207186
uril,UT27a-RB,-88.06967932,40.1187883
uril,UT28a-SH1,-88.05122878,40.08048717
uril,UT29a-SH2,-88.05004293,40.09338138
uril,UT2a-HL2,-87.99400998,40.06711777
uril,UT30b-AZ,-88.06551989,40.07032011
uril,UT31a-VM,-88.22343132,40.09384188
uril,UT32a-DB,-88.05840852,40.03438352
uril,UT33a-CR,-88.21628777,40.06157363
uril,UT34a-SY,-88.00823989,40.05081379
uril,UT3a-HL3,-87.99360403,40.05531884
uril,UT4a-HL4,-87.98130084,40.06155016
uril,UT5a-TW,-88.13921258,40.13019761
uril,UT6a-PT,-88.15136971,40.12935663
uril,UT7a-BR,-88.16631707,40.14551382
uril,UT8a-WL,-88.05126912,40.11436211
uril,UT9a-CO,-88.03580251,40.13828617
wide,ASP,-75.55676579,39.77226884
wide,BCP,-75.57910614,39.80055019
wide,BKP,-75.70729688,39.62260145
wide,BNP,-75.64679939,39.66584282
wide,BNP3,-75.59370945,39.71784486
wide,BRG,-75.67967055,39.64267904
wide,CBP2,-75.58111877,39.73569458
wide,CMP,-75.59246985,39.69568617
wide,CWP,-75.63557948,39.67806855
wide,DEC,-75.56047329,39.72260525
wide,FLW,-75.61494333,39.8227917
wide,FZS,-75.62025684,39.69752331
wide,GLP2,-75.73000578,39.61160361
wide,JSC,-75.57799801,39.81189933
wide,LMC,-75.56655944,39.79898131
wide,LMR2,-75.68255182,39.66190798
wide,MAR,-75.59103335,39.83201605
wide,MRP,-75.52690427,39.76853391
wide,RPL3,-75.68651985,39.63525036
wide,RPW,-75.57465122,39.72136462
wide,RVC,-75.53187382,39.75887043
wide,SBP,-75.73731559,39.59457307
wide,SLP,-75.51742989,39.76001693
wide,SMP,-75.67441014,39.6506387
wide,SSL2,-75.73916774,39.61870883
wide,SSL3,-75.72243677,39.62197668
wide,WBC,-75.55163871,39.75310181
wide,WIDE-A08-GLP1,-75.7065622,39.6133704
wide,WIN2,-75.59646186,39.80162457
