"Site","City","gentrifying","mean_19","mu","sd"
"ALIB","ahga",FALSE,0.146713538750464,5.8354,0.884117171326588
"ARPT","ahga",TRUE,-0.0320274181094335,6.5556,1.15843732476431
"BARN","ahga",FALSE,0.140099391637292,3.5172,1.06748867273301
"BBPK","ahga",FALSE,-0.0670329099801475,4.1488,1.0206208372254
"BHVN","ahga",FALSE,0.108974914463433,9.0934,1.00183690061561
"BZOO","ahga",FALSE,-0.0413160811420765,8.7892,0.849062742975042
"CSHS","ahga",FALSE,-0.0526566126351915,8.9812,0.932641691168061
"CVMD","ahga",FALSE,0.0466553328279015,6.177,0.980542346183239
"DCKR","ahga",FALSE,-0.0377044997655705,6.8406,0.880764888808513
"DUDP","ahga",FALSE,0.177906689004387,4.8436,0.907140353376557
"DXBH","ahga",FALSE,0.0443140295231705,5.2712,1.01718114979501
"FIRE","ahga",FALSE,0.0641469485365485,9.75,0.843826053450411
"HALP","ahga",FALSE,0.246996014190627,5.2248,0.894888331036339
"LDFN","ahga",FALSE,-0.220155684836913,10.9298,0.902127888353635
"LDFS","ahga",FALSE,-0.198294081906384,10.9046,0.897585634908669
"MBRD","ahga",FALSE,0.0882755736781065,8.7854,0.853869228003742
"NDA1","ahga",FALSE,-0.128888733027087,8.1558,1.02495681240404
"NOWR","ahga",FALSE,0.0151362627139085,9.0486,0.94170876765623
"RDIO","ahga",FALSE,-0.183658740745526,9.0068,0.939004848774065
"RHDR","ahga",FALSE,-0.0273467436121645,8.1904,1.01466928146571
"SEPK","ahga",FALSE,-0.108586050133716,7.9498,0.925770689897911
"STPK","ahga",TRUE,0.0735695482232345,9.8848,0.885937885625983
"UGACF","ahga",FALSE,-0.217453546593665,8.9338,1.4363252298951
"UGDF","ahga",FALSE,-0.202552676433199,9.0258,0.950007822584948
"UGLH","ahga",TRUE,0.0268721549058715,10.0142,0.955290990314069
"UGRC","ahga",FALSE,-0.0151282343063675,3.0912,0.988067718105957
"WARN","ahga",TRUE,0.203520733163857,8.8552,0.887462944632405
"WSBS","ahga",FALSE,0.149620881608639,10.1376,0.856044860133225
"AB","baca",TRUE,0.250541323221692,7.0256,1.43504582202181
"BT","baca",FALSE,-0.44694851967188,7.9368,1.55476339609716
"CB","baca",FALSE,-0.206293291986469,10.3612,1.32283201386547
"CR","baca",FALSE,-0.164749591080401,9.9242,1.21406307489766
"DK","baca",FALSE,-0.0418368752316391,3.7172,1.19545388116665
"DY","baca",TRUE,-0.0644027868384981,8.4786,1.34963192807086
"EN","baca",FALSE,0.126845538744413,6.309,1.05458116249327
"GT","baca",FALSE,-0.38487504528078,7.66,1.52815805904058
"H18","baca",FALSE,-0.381229077066501,8.3772,1.48018862030159
"HBT","baca",FALSE,-0.449429869214362,7.5458,1.61568079919549
"HT","baca",FALSE,-0.421143973424912,9.8286,1.37229686283105
"MA","baca",FALSE,0.266384420252625,8.269,1.04348300003128
"MT","baca",FALSE,-0.413693975580284,8.7256,1.36962761945107
"MY","baca",TRUE,0.264602658847946,2.1066,1.24416479182054
"PER","baca",FALSE,0.0342902484151569,7.2506,1.03383432071127
"SFCA-001-GGP2","baca",FALSE,-0.0386106927019881,5.5586,1.11194124065282
"SFCA-C01-BVA1","baca",FALSE,0.255683205894402,3.9434,0.84329038162044
"SFCA-C01-GGP3","baca",FALSE,0.0406645109244479,5.5568,1.07228900989619
"SFCA-C01-GGP4","baca",FALSE,0.0558178722776279,6.8986,1.18346869820538
"SFCA-C01-PRE1","baca",FALSE,-0.289945696261742,5.2166,1.31317528375506
"SFCA-C01-PRE2","baca",FALSE,-0.0581810163914761,6.588,1.15365600784501
"SFCA-C01-USF1","baca",FALSE,0.269528715848673,3.5388,1.03281552156245
"SFCA-C02-DOU1","baca",FALSE,0.139386876701078,5.2774,0.966765828540421
"SFCA-C02-GLN1","baca",FALSE,0.103346782169429,5.5288,1.03681510266364
"SFCA-C02-IGB1","baca",FALSE,0.0717003937675989,5.5838,1.07907851525661
"SFCA-C02-LGH1","baca",FALSE,0.0381817691257649,5.5924,1.10131958166746
"SFCA-C02-MTD1","baca",FALSE,0.0919178431734219,5.4992,1.04221715746799
"SFCA-C03-ALA1","baca",TRUE,0.303785132217073,5.347,0.984675031156674
"SFCA-C03-BER1","baca",FALSE,0.325394324776759,4.5106,1.03580993451699
"SFCA-C03-BVH1","baca",TRUE,0.0907919760625849,4.8376,1.15199464336067
"SFCA-C03-JMP1","baca",TRUE,0.0540556946271979,4.9628,1.20370508896001
"SFCA-C03-JMP2","baca",FALSE,0.119458970085683,4.4086,1.01796526986834
"SFCA-C03-JMP3","baca",TRUE,0.0421158665469689,3.5056,1.10987161554866
"SFCA-D01-PIO1","baca",TRUE,0.145086449054876,3.3992,1.04329145084693
"SFCA-D01-POT1","baca",FALSE,0.356810547036083,4.4904,1.02845485261959
"SFCA-D01-RUS1","baca",FALSE,0.295330766260436,2.526,1.02427234013487
"SFCA-O01-GGP1","baca",FALSE,0.00416413778173685,4.5828,1.11686778032484
"SFCA-O01-LPK1","baca",FALSE,-0.0261172651398962,7.2854,1.35289057302522
"SFCA-O01-LPK2","baca",FALSE,-0.156018396956462,4.6106,1.14018754840119
"SFCA-O01-SUN1","baca",FALSE,0.107335089274044,3.2914,1.02092825355153
"SFCA-O02-BRO1","baca",FALSE,-0.207394162106327,5.7514,1.20494332550686
"SFCA-O02-LKM1","baca",FALSE,-0.0610399177599051,3.6494,1.15392631878723
"SFCA-O02-LKM2","baca",FALSE,-0.303751697035236,4.1018,1.29389782993823
"SFCA-O02-PLK1","baca",FALSE,0.183906997591601,5.46,1.00269690346387
"SFCA-O02-WSN1","baca",TRUE,0.298893875470049,3.7886,1.1009779609484
"WP","baca",FALSE,-0.220360136420607,10.0182,1.22563012113719
"ALN","boma",FALSE,0.0240713569166016,7.1228,1.29802046648976
"ARB1","boma",TRUE,0.0789007045468846,9.8064,1.2079780139458
"ARB2","boma",TRUE,0.179355342541917,8.7268,1.2008539336797
"BDL","boma",FALSE,-0.103024706095694,7.008,1.29964372608917
"BNC","boma",FALSE,0.0432377364900056,8.7312,1.19884694886435
"BRA","boma",FALSE,-0.0587385326727374,10.6516,1.18054910073061
"BRD1","boma",FALSE,-0.279828395774524,8.694,1.66952731762402
"BRD2","boma",FALSE,-0.210574147196296,11.8308,1.18323766432364
"BRT","boma",FALSE,0.29822493563546,7.3558,1.07286372261973
"BSU","boma",FALSE,-0.125524451390539,9.239,1.32235726100973
"DAN","boma",FALSE,-0.0505019398788785,7.134,1.31650698369877
"EVR","boma",FALSE,0.136901850022258,9.0178,0.95229435202913
"FRPO1","boma",TRUE,0.116424497462803,7.8588,1.2401492466759
"FRPO2","boma",FALSE,0.0526340621303856,5.7114,1.22164173213931
"FVW","boma",TRUE,0.22310468266693,8.4498,1.11235220388378
"GLD","boma",TRUE,0.260485660089969,6.6472,1.1647332229726
"GRT","boma",FALSE,-0.353703246110572,9.06,1.56169388087279
"HAB","boma",FALSE,-0.0403730942803164,5.5346,1.41929761542258
"HAL","boma",TRUE,0.341805530505831,7.7172,1.18385153667687
"MTA","boma",FALSE,0.113916236346862,10.8,0.847669575212977
"MUS","boma",FALSE,-0.0630354892592794,7.52,1.41647494868637
"PKN","boma",FALSE,-0.186823821739709,10.7582,1.16773519305372
"SRN","boma",TRUE,0.203939139295617,7.8182,1.23703468462375
"STN","boma",TRUE,-0.131775023266879,11.2432,1.30245654000727
"STR","boma",FALSE,-0.318135052899936,8.5542,1.62726517764981
"TKR","boma",FALSE,-0.21610337811634,9.1402,1.45236559900276
"ZNE","boma",FALSE,0.0651395440301815,7.2258,1.02128495758672
"C04-MBP1","chil",FALSE,0.0373822574517386,6.6572,1.16445667668247
"C05-BMP1","chil",FALSE,-0.244196188639049,6.3468,1.49324335429394
"C05-BMP2","chil",FALSE,-0.268178971996294,6.58,1.50945542866897
"C05-SPA1","chil",TRUE,0.0379299610723475,7.7508,0.816598265088354
"C06-HMP1","chil",TRUE,-0.144163575239074,7.9138,1.47607768124317
"D02-BMT1","chil",FALSE,0.375500614797727,6.0864,1.29200189387584
"D02-HUP0","chil",TRUE,0.173871316945567,9.6368,1.16084248330866
"D02-JBS1","chil",FALSE,-0.0875003571407515,9.0638,1.27751946020178
"D02-MOP1","chil",TRUE,0.304144813395218,4.7542,1.22379814364105
"D02-RCP1","chil",TRUE,0.305739115087199,8.495,1.12348896100011
"D02-SCP1","chil",TRUE,0.33819014388407,5.6494,1.18573219243067
"D03-AFP1","chil",FALSE,0.281487891641135,6.535,1.15993279495743
"D03-AMP1","chil",TRUE,0.231765608595651,4.4634,1.13265927065675
"D03-CHP1","chil",TRUE,0.249257752561292,4.227,1.05360951903621
"D03-GOM1","chil",TRUE,0.0225422061003645,9.8978,1.24533743743076
"D03-NPV1","chil",FALSE,-0.00451096189856148,11.1784,1.31518796522656
"D03-STB1","chil",TRUE,0.301860491239874,8.5322,1.15066414109119
"D04-DNP1","chil",TRUE,0.121604281534328,6.9826,1.28040037684507
"D04-EDW0","chil",FALSE,-0.0967480056912785,8.7402,1.41488668834934
"D04-RDP1","chil",FALSE,0.137214541952967,7.5956,1.39429173772564
"D04-ROS0","chil",FALSE,0.0962170551725636,10.2586,1.05316089443822
"D05-ADC2","chil",FALSE,-0.0876395171899815,4.4344,0.625599644327741
"D05-BRP1","chil",FALSE,0.0521179431702725,8.706,1.18669526380189
"D05-MIA1","chil",FALSE,0.0876317246400836,11.3218,1.04979291912006
"D05-PRC1","chil",FALSE,-0.0313151373378405,9.108,1.28789274924068
"D06-KCG1","chil",FALSE,-0.102973635509886,11.8852,1.38621978093526
"D07-ASC0","chil",FALSE,-0.182383884432291,10.3306,1.27437374646888
"D07-NOC1","chil",FALSE,-0.195548294434785,10.6602,1.34666204362191
"D08-CCC1","chil",FALSE,-0.117643664678728,11.0106,1.23385255133005
"D08-DAW0","chil",TRUE,-0.200159113790089,11.154,1.4661220627153
"D08-DAW2","chil",TRUE,-0.20036287853452,12.3988,1.46989478471611
"D09-CLG0","chil",FALSE,-0.246657708817449,10.3056,1.26417097959617
"D09-RYW1","chil",FALSE,-0.387029423052126,12.4538,1.40408683918424
"D09-VTC1","chil",FALSE,-0.168350287457974,9.3354,1.30906438723005
"D10-CAN0","chil",FALSE,-0.125964100333643,11.0944,1.43453832993197
"D10-MAC1","chil",FALSE,-0.434438137067117,12.5262,1.57385163271268
"D10-VHC1","chil",FALSE,0.0101081652640885,7.8644,1.22976221401562
"J01-BBS1","chil",TRUE,-0.0131817276613445,8.1416,1.30716914675785
"J01-LMP1","chil",TRUE,0.0205048019306155,8.7126,1.19945361635853
"J01-SEP1","chil",TRUE,0.370275556761528,4.8576,1.26397854742621
"J01-SKP1","chil",FALSE,0.381255718659868,7.119,0.993497059523306
"J01-UIC1","chil",TRUE,0.364141802456132,5.972,1.3010590113097
"R02-DPG1","chil",TRUE,0.185350439768412,8.3388,1.36630447469937
"R02-FRP1","chil",TRUE,0.279141344925507,6.019,1.29852848842336
"R02-HRF1","chil",FALSE,0.241849026636835,7.8442,0.872512816939181
"R03-AUP1","chil",FALSE,0.181879459499407,8.5006,1.14658735930347
"R03-CPG1","chil",FALSE,0.141718480450334,7.7566,1.20633639151685
"R03-EUC1","chil",TRUE,0.174448625375729,7.1708,1.34595307419523
"R03-MAP1","chil",TRUE,0.194133191663939,6.8428,1.26364849602423
"R04-MMW0","chil",TRUE,-0.0418487236193345,10.6328,1.39884077403478
"R04-MMW3","chil",TRUE,-0.0611260378515565,12.4256,1.34462866444571
"R04-SCH1","chil",TRUE,0.174537964691023,9.5192,1.11923272663878
"R05-FMG1","chil",FALSE,0.0106380316333796,9.8888,1.22765466935838
"R05-GOC1","chil",FALSE,0.0333239013484446,8.9276,1.2303905933493
"R05-STP1","chil",TRUE,0.218899577806735,5.7064,0.826520215804445
"R06-OTB1","chil",FALSE,0.0842428357511945,9.686,1.16845070730908
"R06-SLT2","chil",FALSE,-0.0384261238360795,10.4926,1.10606958098648
"R06-YOW1","chil",FALSE,-0.0330242698886565,9.5744,1.37289533771576
"R07-FSP1","chil",FALSE,0.104937989178209,9.286,1.31899656951414
"R07-GOF1","chil",FALSE,-0.0858443202121085,9.764,1.15817627089096
"R07-MMP1","chil",FALSE,-0.0804486353421084,6.18,1.51791330851351
"R07-YHR1","chil",FALSE,-0.00364557626597251,9.2916,1.30204013060287
"R08-DAP1","chil",FALSE,-0.0957279462596905,10.9614,1.2045747133524
"R08-PAP1","chil",FALSE,-0.00590391116769351,8.0376,1.26542739866824
"R08-VLG1","chil",FALSE,-0.0412314793172985,9.3876,1.06470322559468
"R08-WBK1","chil",FALSE,-0.105654953510936,8.9016,1.21433618181807
"R09-BLW1","chil",FALSE,-0.0551824647639745,9.9146,1.21408469240332
"R09-CTG0","chil",FALSE,-0.307890153644047,11.8548,1.43112773200615
"R09-LIM0","chil",FALSE,-0.12713825307402,10.6254,1.3606781871647
"R09-SMI1","chil",FALSE,-0.164403802303168,8.561,1.38919580081233
"R10-FRM1","chil",FALSE,-0.211690669551184,10.5,1.29997614885717
"R10-FRM2","chil",FALSE,-0.335835011987786,11.481,1.44043534071966
"R10-WCP0","chil",FALSE,-0.160047625434713,9.0232,1.22154009022971
"R10-WDW0","chil",TRUE,-0.167510399796691,13.6246,1.3569241278044
"S02-BNS1","chil",TRUE,-0.0353554425845305,11.5736,1.39189457722301
"S02-BRI1","chil",FALSE,0.334842950495888,4.2498,1.03150994302164
"S02-PIP1","chil",TRUE,0.310909885119737,7.3384,1.09623254155176
"S02-PLP1","chil",TRUE,0.379034931971126,4.9862,1.28418822135915
"S02-TNW1","chil",TRUE,-0.0610017994419385,9.808,1.43204264923565
"S03-JKP2","chil",FALSE,-0.15602937055253,9.2638,1.47642999465123
"S03-LCP1","chil",TRUE,0.263065185321396,6.9086,1.25831741327159
"S03-PSP1","chil",FALSE,0.262796734833763,4.6568,1.19570050595456
"S03-VIP1","chil",TRUE,0.259079084675772,5.2828,1.37797094337441
"S03-WAP1","chil",FALSE,0.379292521644969,7.071,0.980893179855002
"S04-HAP1","chil",FALSE,0.250012904558533,4.3508,1.09561828931758
"S04-OTW1","chil",TRUE,-0.0606438213506705,10.9442,1.45158802060237
"S04-SSP1","chil",FALSE,0.145185529160936,7.6714,1.18629823429867
"S05-LNC1","chil",FALSE,0.000113434090730502,6.9336,1.24060423172418
"S05-RES1","chil",FALSE,0.0790055039447244,8.135,1.28386317843148
"S05-SFP0","chil",FALSE,-0.00672564562416345,10.1022,1.27768605546561
"S06-CBW0","chil",FALSE,-0.306778087149351,11.2132,1.40119178833075
"S07-ARG1","chil",FALSE,-0.323631161957854,9.8914,1.36820336064754
"S07-ARG2","chil",FALSE,-0.16168266568147,8.2694,1.31452243565744
"S07-STJ1","chil",FALSE,-0.295936431144567,13.1732,1.39340951554653
"S08-WGL1","chil",FALSE,-0.333336443012401,8.591,1.53537958762503
"S08-WGL3","chil",FALSE,-0.439599796580708,10.015,1.53858651030416
"S09-KTP1","chil",FALSE,-0.32553684951347,12.1568,1.37571518798612
"S09-SMC1","chil",FALSE,-0.0698236780102735,6.6738,1.41992844867615
"S09-VTW0","chil",FALSE,0.000578560284910545,8.6716,1.15361154810481
"S10-ILC1","chil",FALSE,-0.263344320212109,13.7362,1.32384291817965
"S10-LEW1","chil",FALSE,-0.285383670272901,11.1474,1.37537324763646
"S10-LPC1","chil",FALSE,-0.0324228744353195,10.1122,1.27621977236739
"S10-LPP0","chil",TRUE,-0.371003872892194,12.7118,1.51049564031674
"E01-CHE1","deco",FALSE,0.082344434567503,5.4926,1.00087241400581
"E01-CON1","deco",FALSE,-0.00310031083469603,6.2204,1.03500632250123
"E01-CPE1","deco",TRUE,-0.106066630967404,6.4414,1.80000390077593
"E01-CPW1","deco",FALSE,0.026454755763525,4.4814,1.04664852487687
"E01-SGP1","deco",FALSE,0.303261419904565,5.615,1.18399973440631
"E02-FTP1","deco",TRUE,0.101499467141652,6.2182,1.33482025345056
"E02-LIN1","deco",FALSE,0.078833769422879,9.9932,0.945162645519435
"E02-MCN1","deco",TRUE,0.045357020022625,6.035,1.61675532457942
"E02-MON1","deco",TRUE,-0.001369835809992,6.2486,1.36263325729221
"E02-VER1","deco",TRUE,0.071169866612357,2.8502,1.22509596849651
"E03-CWP1","deco",FALSE,0.038819138243348,5.205,1.03614174606739
"E03-DMP1","deco",TRUE,-0.00862118405011003,8.2856,1.53117652160293
"E03-GEN1","deco",TRUE,0.126836724082305,8.2552,1.05900767676721
"E03-SAC1","deco",FALSE,-0.045712365641625,9.906,1.23493684607868
"E03-SPG1","deco",FALSE,0.132874934287297,4.3964,0.985424402098127
"E04-APM1","deco",FALSE,0.051385678245234,6.0194,1.16107418309587
"E04-SCR1","deco",FALSE,-0.159355705907914,7.0702,1.25267146417544
"E04-SKE1","deco",FALSE,-0.124236432943989,6.0416,0.94002455778232
"E04-SKW1","deco",FALSE,-0.061858973344635,9.4176,1.07584465809227
"E04-TER1","deco",FALSE,0.019327238983899,5.4916,1.05761673144392
"W01-BAR1","deco",TRUE,0.151989248481973,6.5506,1.36169397520016
"W01-GCP1","deco",TRUE,0.288159788069467,7.2696,1.04973150245453
"W01-LIP1","deco",FALSE,0.328103838052325,6.0108,1.28942463260814
"W01-MAR1","deco",TRUE,0.064206166540695,6.1706,1.47943684781654
"W01-SLP1","deco",TRUE,-0.013762329257557,7.8262,1.57571892735589
"W02-CHP1","deco",FALSE,-0.230574969484465,4.1872,1.28984064821185
"W02-HOL1","deco",FALSE,-0.071412931667196,5.7982,1.37224391806782
"W02-MOR1","deco",TRUE,0.016347313664446,7.4146,1.12024900426928
"W02-SUN1","deco",FALSE,0.129331834338408,5.1112,0.987840941622278
"W02-WBP1","deco",TRUE,0.12739771936341,6.7104,1.1998415578537
"W03-CPP1","deco",FALSE,-0.048552920192726,6.1174,1.31055742039425
"W03-DAN1","deco",FALSE,-0.100334738296699,6.2246,1.40219401996083
"W03-GRA1","deco",FALSE,-0.096521939125601,8.3474,1.0566629298454
"W03-MGP1","deco",FALSE,-0.268117619222918,6.9464,1.46709151435836
"W04-APE1","deco",FALSE,-0.307581109533299,9.2288,1.24722158108913
"W04-PVP1","deco",TRUE,-0.019010090060218,7.0518,1.28228140792956
"W04-STM1","deco",TRUE,-0.24620110588487,10.4106,1.30351350951722
"W04-WES1","deco",TRUE,0.072889195529179,5.1678,1.3408962527176
"W04-WSP1","deco",FALSE,-0.344198359091177,4.7612,1.58021326876943
"BELP","hote",FALSE,0.249554994021503,4.9468,1.30227068683448
"CCEC1","hote",TRUE,-0.300380521663202,10.56,1.40441962350851
"CHMP","hote",FALSE,-0.321687467166372,9.2516,1.02161939157215
"CULP","hote",TRUE,0.252463923198416,7.6396,1.17421786629207
"FHNA","hote",FALSE,-0.269793504966075,9.822,1.20225000770065
"FONP","hote",TRUE,0.240442771509489,6.2294,1.28230437139557
"GCGC","hote",FALSE,-0.167673988188317,9.9958,1.24148726055632
"GLWC","hote",FALSE,0.270873064108456,8.1114,0.984268152872657
"GWGC","hote",TRUE,0.142500309466914,5.8304,0.839867201040186
"HANC","hote",FALSE,-0.0764028978641275,9.021,1.14927070989951
"HBSP","hote",FALSE,-0.0419220952436475,8.703,1.14623460546005
"HPGC","hote",FALSE,0.127694153217254,7.364,1.09715301984262
"HUNP","hote",FALSE,0.0733339755961775,7.3686,1.06778371986769
"LGRP","hote",FALSE,-0.13468386051007,8.306,1.19140584587197
"MGP","hote",FALSE,0.100421271666227,1.4776,0.668122382130325
"MOCC","hote",FALSE,-0.346134129627602,11.0556,1.23677587416338
"MPNA1","hote",FALSE,0.00286399789761349,8.8342,1.22368698692451
"MPNA2","hote",FALSE,-0.182119760324116,11.9028,1.32291427554324
"ROSP","hote",FALSE,0.0201975597359085,7.8646,1.21250190604982
"SCRNT","hote",FALSE,-0.110238949857894,10.3926,1.10050327645687
"SOPC","hote",FALSE,-0.134954257440154,9.3642,1.08710382160297
"SPTP","hote",FALSE,0.261981981860958,6.155,1.25940153185697
"UHBW","hote",FALSE,0.132077883385564,5.6628,0.785633250264259
"UHSP","hote",TRUE,0.27891783524011,5.0208,1.21320308784081
"WCJP","hote",FALSE,-0.0673322880530196,7.4818,1.01305183223908
"M01-PRG1","inin",TRUE,0.269548392395307,9.2032,1.02670374700632
"M02-BCF1","inin",FALSE,0.386903612190833,11.058,0.960635500131461
"M02-OBP1","inin",TRUE,0.239059981128828,7.3424,1.09096300581459
"M02-SBP2","inin",TRUE,0.173705632169744,10.3546,1.08475535437064
"M03-FCP1","inin",TRUE,0.123457352024261,11.6358,1.174833778405
"M03-GWP1","inin",TRUE,0.0110679056731628,4.492,1.15230272077786
"M03-ISD1","inin",FALSE,0.141168693216225,10.27,1.4337053749709
"M04-BAS1","inin",FALSE,0.124369825061227,9.18,1.29889854395388
"M04-FRP1","inin",FALSE,-0.102520846484058,12.9284,1.40842826371626
"M04-MAP1","inin",FALSE,-0.15736914623392,8.9006,1.48659397023076
"M05-ISB2","inin",FALSE,-0.180803740441796,9.9028,1.64933205245149
"M05-SGC1","inin",FALSE,-0.0214478858755202,11.4984,1.09555350736397
"M06-MCP1","inin",FALSE,-0.0527006317794633,12.3258,1.30889151551986
"M06-PGC1","inin",FALSE,0.0039299967875428,11.3606,1.34511319445658
"M07-CAC1","inin",FALSE,0.0421936829764688,9.6758,1.43370340764477
"M07-CCT1","inin",FALSE,-0.0892012889269662,12.7478,1.38324901430188
"M07-WFD1","inin",FALSE,-0.0143136173384463,13.27,1.39208030569917
"M08-FTP1","inin",FALSE,-0.0721638507565722,12.0656,1.43795347005263
"M08-MMT2","inin",FALSE,0.0853592453116958,11.9464,1.22303973984538
"M08-WGP1","inin",FALSE,-0.128395732788859,8.944,1.50801817753128
"W01-GFP3","inin",TRUE,0.200320715779236,10.3828,1.10349793907388
"W01-HCC1","inin",TRUE,0.188881907388575,6.6282,1.1756875470301
"W01-WRG1","inin",FALSE,0.196217513612637,9.9424,0.912605506098858
"W02-CRS2","inin",TRUE,0.191672887054691,12.1602,1.02212763830248
"W02-EMP1","inin",TRUE,0.243594015325676,10.467,1.1237275260091
"W02-IZO3","inin",TRUE,0.322706136454855,12.8358,0.872347727750593
"W03-CHC1","inin",TRUE,-0.170764296474496,10.9102,1.64154649491843
"W03-MEL1","inin",FALSE,-0.0385563926944282,13.6304,1.12643224826085
"W03-RGC1","inin",FALSE,-0.0707009045275032,9.9508,1.65412411424206
"W04-JSP1","inin",TRUE,-0.129928184569508,13.7266,1.38312510172052
"W04-ROW1","inin",FALSE,0.0451624777087907,9.449,1.34482739120767
"W04-WPC1","inin",TRUE,-0.142124977293008,12.364,1.51431919770123
"W05-CPE1","inin",FALSE,0.0747064244609087,10.8018,1.2005019787573
"W05-IHS1","inin",FALSE,-0.0661909860506703,10.7374,1.41804210398766
"W06-CNP1","inin",FALSE,-0.145085390373903,10.3292,1.3195361287661
"W06-UHS1","inin",FALSE,-0.134887732033873,6.9974,0.952247129120894
"W07-INA1","inin",FALSE,-0.205894678717071,11.0524,1.46399552478118
"W07-UES2","inin",FALSE,-0.211117267606614,12.1808,1.6006947881345
"W07-WAF1","inin",FALSE,-0.330299024667866,13.596,1.50334161360665
"W08-NST3","inin",FALSE,-0.285891816667844,10.194,1.46792198668451
"W08-ROS1","inin",FALSE,-0.313668004418273,12.8738,1.16006151067161
"A01-RES1","ioio",FALSE,-0.109963113906697,15.004,1.14692941780124
"A01-WMA1","ioio",FALSE,-0.117982872537267,14.6884,1.12692476762487
"A01-WMA2","ioio",FALSE,-0.164979433480525,11.6714,1.48400218749788
"A01-WMA3","ioio",FALSE,-0.147928614556628,14.0698,1.21721989995932
"A02-FUH1","ioio",FALSE,-0.109304802520383,13.141,1.19474034036529
"A02-MET1","ioio",FALSE,-0.0203066063163223,10.956,1.22799250531859
"A02-RES2","ioio",FALSE,-0.133863499408899,13.0774,1.38325410477745
"A02-WMA4","ioio",FALSE,-0.163531269691347,13.8604,1.28827162072047
"A03-CNA1","ioio",FALSE,0.100205843710715,10.4244,1.54672657978795
"A03-JOY1","ioio",FALSE,0.186348455394563,10.079,1.15248628839088
"A03-YSC1","ioio",FALSE,0.0494498693058928,10.9784,1.44067642089053
"A04-AUB1","ioio",FALSE,-0.0501405649729803,12.1012,1.23566335738605
"A04-DOV1","ioio",FALSE,-0.0200738640155233,11.742,1.19051226952635
"A04-PEN1","ioio",FALSE,0.190260466250166,12.1728,1.01977848066623
"A04-WAT1","ioio",FALSE,-0.00923502317454422,12.627,1.29807858067234
"A05-BEN1","ioio",TRUE,0.365057240435771,9.5966,1.14425971967085
"A05-CRE1","ioio",FALSE,0.264565904254922,7.205,0.982226019605833
"A05-SAN1","ioio",FALSE,0.275824090158313,12.4014,1.0960466703844
"A05-SHI1","ioio",FALSE,0.00883719576189576,12.6348,1.13793142921158
"A06-SHP1","ioio",FALSE,0.0852291602065448,10.6386,1.08711839524546
"A06-SYC1","ioio",FALSE,0.0731708071267047,10.3724,1.08312181705204
"A06-SYC2","ioio",FALSE,-0.117250187935092,12.7848,1.16239373356809
"A06-TTB1","ioio",TRUE,-0.105956541684376,12.4524,1.31608535290506
"A07-CCG2","ioio",FALSE,0.295751396015951,11.1336,1.00337051505319
"A07-UIO1","ioio",FALSE,0.118151796309697,13.4336,1.08675077430342
"A08-PET1","ioio",FALSE,-0.164868260996894,11.217,1.44662695464628
"A08-RES3","ioio",FALSE,-0.125818021289222,13.5744,1.30199987739483
"A08-RES4","ioio",FALSE,-0.114184508293966,12.1758,1.22621167789897
"A08-TCP1","ioio",FALSE,-0.167466567370777,11.8854,1.51179494138225
"A09-HRP1","ioio",FALSE,0.0917257915527888,10.5518,1.13453699580003
"A09-KEN1","ioio",FALSE,-0.0803381750370082,12.715,1.37191524165528
"A09-TOK1","ioio",FALSE,-0.12601183142091,12.15,1.44440896682785
"A09-WCP1","ioio",FALSE,0.235873859346946,10.868,1.13579663972093
"A10-ACT1","ioio",FALSE,0.0239884725274618,11.1738,1.40113746550417
"A10-GIL1","ioio",FALSE,-0.155677548011365,14.5054,1.27369356560352
"A10-HHP1","ioio",FALSE,-0.0440561409974843,12.7926,1.17756637711617
"A10-HPR1","ioio",TRUE,-0.115502900740121,12.7522,1.38028120150897
"ALP","jams",FALSE,0.0186571609153555,4.2838,1.07400570652652
"BAP","jams",TRUE,0.233083422455832,3.4798,1.10518606906233
"BGP","jams",FALSE,-0.0833971044628405,3.4436,1.11672219181439
"BOP","jams",FALSE,-7.97801331847703e-06,8.1578,1.02504112203383
"BRP","jams",FALSE,-0.147847860844398,5.852,1.21226643852892
"CHS","jams",TRUE,0.149904136490733,5.5128,1.65456449760514
"CLN","jams",FALSE,0.00861783783088954,7.1516,1.01332265570297
"CON","jams",FALSE,0.0548245450216965,6.3932,0.614710772531907
"CRN","jams",FALSE,-0.0160427047363075,4.726,1.20565945562774
"FOP","jams",TRUE,0.0994477661455975,4.861,1.64372119408152
"FRP","jams",TRUE,0.137670342171108,7.533,1.38985515053472
"GAS","jams",TRUE,0.29579929330299,2.6752,1.1837166878267
"GRC","jams",FALSE,0.339035093647225,5.3096,1.06206093736986
"GRN","jams",FALSE,-0.258269305798527,10.712,1.16932863896048
"LAC1","jams",FALSE,-0.189744549757787,8.5182,1.31621246121157
"LAC2","jams",FALSE,-0.0918768060088875,2.7578,0.835750474586257
"LAP","jams",TRUE,-0.0759288665671465,9.545,1.41575982255997
"LEN","jams",TRUE,-0.160797367577053,11.5218,1.31159018514273
"LGN","jams",FALSE,-0.104255210426212,5.6928,0.805082475003842
"LIP","jams",FALSE,0.0474721339829065,10.282,1.04110171383766
"MAN","jams",FALSE,0.0352826319303385,8.1462,0.994295370932064
"MAP","jams",TRUE,0.0745467672439185,6.0186,1.29514073285631
"MAS","jams",FALSE,-0.217048307211981,9.9152,1.36425114852041
"MFP","jams",TRUE,0.420582833283779,6.7138,1.16316815294712
"MIP","jams",FALSE,0.321565543328172,7.403,1.11321105266232
"MOC","jams",FALSE,-0.0309292302878945,6.5344,1.13643078759201
"MON","jams",FALSE,-0.202072192640785,8.9868,1.23860106027619
"NAC","jams",FALSE,-0.0782826529564365,7.822,1.46435817646292
"NON","jams",FALSE,0.205317143728303,9.2232,1.03382567152486
"NTE","jams",TRUE,0.0509654948972285,7.2656,1.06342974218484
"NTW","jams",FALSE,-0.245395639342795,7.7746,1.14195256080549
"OLC","jams",FALSE,-0.0105284801104535,7.9868,0.941064758970452
"OLS","jams",FALSE,0.0811245510089595,8.7074,1.21329289783267
"PAG","jams",FALSE,-0.101237424998788,5.7484,0.820750977113818
"PAN","jams",FALSE,-0.0696287296748315,8.3224,1.07176862129637
"PAP","jams",FALSE,0.179967506128078,10.1038,0.993389613688867
"PEG1","jams",FALSE,-0.0298891748553575,7.1354,1.00163241436103
"PEG2","jams",FALSE,-0.126808886448352,9.1936,1.31744683886472
"SOP","jams",FALSE,-0.104550842495775,7.4238,1.07592986993438
"TOP","jams",FALSE,-0.0713179066107785,8.4396,1.36217581265743
"TWR","jams",FALSE,-0.207316736300153,6.3858,1.64264969473224
"VAP","jams",FALSE,-0.0874906593771395,3.936,1.26008791927899
"WEP","jams",FALSE,-0.0730655696113735,5.6494,1.16685558249086
"WOP","jams",FALSE,0.0298659836022645,4.6448,1.22708357776533
"LRAR-ALS1","lrar",FALSE,0.087022188854786,10.1166,0.9734443788896
"LRAR-BUR1","lrar",FALSE,-0.146929720869722,10.533,1.10306588691255
"LRAR-BUR2","lrar",FALSE,-0.080155064906419,12.1816,1.11681282862386
"LRAR-BUR3","lrar",FALSE,-0.024996352460969,8.1952,1.17225073868984
"LRAR-COM1","lrar",FALSE,0.021449902635065,12.8552,0.852043517451501
"LRAR-CON1","lrar",FALSE,0.144361861751751,9.5608,1.14200008443019
"LRAR-COO1","lrar",FALSE,-0.082832368284892,12.456,1.21439653811692
"LRAR-CPL1","lrar",TRUE,0.307238907985511,11.0676,0.948055906579565
"LRAR-DDT1","lrar",FALSE,-0.191053386236102,9.0828,1.28836180292146
"LRAR-DDT2","lrar",FALSE,-0.185142104058025,12.594,1.13341118936811
"LRAR-EAS1","lrar",TRUE,0.133211571925087,14.0452,0.912646451101927
"LRAR-EMR1","lrar",FALSE,0.04108651699996,13.1594,0.985183108437934
"LRAR-KNO1","lrar",FALSE,0.190195790002562,11.9784,0.916352214094589
"LRAR-MAU2","lrar",FALSE,-0.155422574416376,14.2054,0.981327387107961
"LRAR-MUR1","lrar",FALSE,-0.08889131132024,13.2582,1.01672981066829
"LRAR-MUR2","lrar",FALSE,-0.118990840512118,11.674,1.1561969374945
"LRAR-OTT1","lrar",FALSE,-0.096615625365819,9.9516,1.26727212378682
"LRAR-PIN1","lrar",FALSE,-0.200833714258434,11.0028,1.24446852124916
"LRAR-PIN2","lrar",FALSE,-0.200906484115233,14.202,0.961135139380114
"LRAR-REB1","lrar",FALSE,-0.124303682454261,13.173,1.00402819408765
"LRAR-RIC1","lrar",FALSE,0.115183117806304,8.8788,1.25252717529999
"LRAR-RIV1","lrar",TRUE,0.456778791772543,8.2258,1.35601700447424
"LRAR-ROS1","lrar",FALSE,-0.00625131096536,12.15,0.96772273790559
"LRAR-SHE1","lrar",FALSE,0.397771384768434,11.7218,0.756121090712833
"LRAR-TMP1","lrar",TRUE,0.523862435804564,7.889,1.27145677097733
"LRAR-TRP1","lrar",FALSE,-0.162740583256356,13.138,1.26604761968698
"LRAR-TRP2","lrar",FALSE,-0.184739745596125,10.7404,1.18088387970514
"LRAR-TRP3","lrar",FALSE,-0.17208212347966,10.6516,1.14248785363309
"LRAR-WIL1","lrar",FALSE,-0.195275477750456,10.5372,1.25639638107298
"MAWI-M01-AMF1","mawi",FALSE,-0.180450352289211,8.4158,1.30554634167082
"MAWI-M01-BRT1","mawi",FALSE,-0.188689704732175,7.193,1.30953960566138
"MAWI-M01-BRT2","mawi",FALSE,0.0237201859002547,7.777,0.835350562406241
"MAWI-M01-BRT3","mawi",FALSE,0.0140864233823718,5.3316,1.08842931588373
"MAWI-M01-CCT2","mawi",FALSE,0.101137091071024,4.3084,1.08771598554634
"MAWI-M01-CCT3","mawi",TRUE,0.0965105146464318,4.742,1.22103815945177
"MAWI-M01-CCT4","mawi",TRUE,0.0951901438030478,4.6972,1.22499480915492
"MAWI-M01-POR1","mawi",FALSE,-0.0114556340844902,5.2482,1.07257952869196
"MAWI-M01-POR2","mawi",FALSE,-0.112244475035753,5.0256,1.53069044638311
"MAWI-M01-RDP1","mawi",FALSE,0.133592974039901,5.1316,1.00880373561729
"MAWI-M01-STC1","mawi",TRUE,0.125382270665432,5.7672,1.22739784140767
"MAWI-M01-STC3","mawi",FALSE,0.0568666462040668,5.994,0.966514785280615
"MAWI-M01-SWC1","mawi",FALSE,0.0189675347108018,6.4032,1.11502395296385
"MAWI-M01-SWC2","mawi",FALSE,0.0121264806069788,5.199,1.03286609125893
"MAWI-M01-SWC3","mawi",FALSE,-0.0827370986153823,2.8874,1.25404775313918
"MAWI-M01-SWC4","mawi",TRUE,-0.116991256885815,5.5472,1.1534462482706
"MAWI-M01-SWC5","mawi",TRUE,-0.151400896313711,4.818,1.25761373977215
"MAWI-M01-SWC6","mawi",FALSE,-0.0636820604351733,6.4664,1.12353171058984
"MAWI-M01-SWC7","mawi",FALSE,0.137131984296589,4.0648,1.00578490774923
"MAWI-M01-SWC8","mawi",FALSE,0.243086747534934,4.325,1.11068524989975
"MAWI-M01-SWC9","mawi",FALSE,0.0856372102207117,4.931,1.27128369471432
"MAWI-M01-UWH1","mawi",FALSE,-0.235784728690832,10.1018,1.24681501014942
"CalT01","mela",TRUE,0.474265523838981,4.7372,1.18727338200463
"CalT02","mela",FALSE,0.520872940992747,7.3156,1.05290947553564
"CalT03","mela",TRUE,0.523614321817282,2.038,0.911000540283528
"ED01","mela",FALSE,0.415386756969378,6.3894,1.36298906372633
"ED03","mela",FALSE,0.328375179530511,2.1814,1.0262088778276
"ED04","mela",FALSE,0.29194010189667,6.024,1.28255720753428
"ED05","mela",TRUE,0.360402287433328,4.7088,1.17075902530754
"ED06","mela",FALSE,0.528618667033233,5.3762,1.05777943800581
"ED07","mela",FALSE,0.456603018818325,6.5908,1.13948016349939
"ED08","mela",FALSE,0.365703434057176,6.7972,1.19010731914656
"ELMOD","mela",FALSE,0.0344959475328971,7.3214,1.33568665927693
"H01-AST1","mela",FALSE,-0.0701918804015619,6.4316,1.11282034211402
"H01-BEA2","mela",FALSE,-0.197167557024902,7.7592,1.22291228748941
"H01-BGC1","mela",TRUE,-0.0881669054248829,5.4078,1.12220810467847
"H01-CCH1","mela",FALSE,-0.190454446091027,10.2652,1.33402581870704
"H01-DEB1","mela",TRUE,0.0287816618186111,4.6764,0.792596165607901
"H01-DVG","mela",TRUE,-0.0496265832429409,2.6464,1.16500578869701
"H01-FIR1","mela",FALSE,-0.109367237552871,3.3926,1.42606871306921
"H01-FLN1","mela",FALSE,-0.277733207573655,4.6566,1.19287930328531
"H01-FRE1","mela",FALSE,-0.186002035833607,5.351,1.08075557205193
"H01-GSC1","mela",FALSE,-0.145798206290022,5.8184,1.24343502690459
"H01-HFR1","mela",FALSE,-0.305646194139753,10.714,1.40804847931597
"H01-HNP1","mela",TRUE,-0.0210708297556229,7.8726,1.39569295755419
"H01-LTC1","mela",FALSE,-0.289466744259401,6.3928,1.09505615819369
"H01-OCC1","mela",FALSE,0.0655529469842621,10.4774,1.11091676880559
"H01-OXY1","mela",FALSE,0.22512626726588,6.698,0.791783672651094
"H01-RHR1","mela",FALSE,-0.265281801773055,4.4582,1.40351228328999
"H01-ROS1","mela",FALSE,-0.0752936287535249,7.0598,0.980008185276348
"H01-SPS1","mela",TRUE,0.00808200981764912,7.9334,1.40390834163999
"H01-TMC1","mela",FALSE,-0.178392996400281,9.5726,1.14481062113856
"H01-WAV1","mela",FALSE,-0.275314397878637,6.7466,1.63942855446556
"H01-WTP1","mela",FALSE,-0.298483279492583,5.1984,1.04539753740012
"H01-WWD1","mela",FALSE,-0.241304224239219,10.791,1.45785598356414
"IRC01","mela",FALSE,-0.259442530453414,8.4128,1.79227191232847
"IRC02","mela",FALSE,-0.276660947198012,11.9488,1.20468618891509
"IRC03","mela",FALSE,-0.294025368947098,10.6368,1.38161772336153
"IRC04","mela",FALSE,-0.287802591024424,9.852,1.43181913005946
"IRC05","mela",FALSE,-0.272541553421461,8.111,1.52300456617231
"IRC06","mela",FALSE,-0.28477282243171,8.1874,1.52234843217635
"IRC07","mela",FALSE,-0.283197512782229,8.8652,1.46405520781503
"OAK","mela",FALSE,0.0834768188882331,8.0556,0.963480305382405
"OCP02","mela",FALSE,-0.0179783984035229,5.1708,1.36469771010579
"OCP03","mela",FALSE,-0.137027926139312,5.7162,1.4527489996318
"PW01","mela",FALSE,0.0806695608724371,7.9948,0.936241565865312
"SA","mela",FALSE,0.586244361361125,4.1722,1.50738236699255
"NCAP-DC-ARB1","naca",TRUE,-0.168946089266602,9.7212,1.41076880236371
"NCAP-DC-BEH1","naca",FALSE,0.125815857899436,10.0084,0.938139361231698
"NCAP-DC-BHP1","naca",TRUE,0.120215743319086,8.6502,1.18191342486189
"NCAP-DC-CHA1","naca",TRUE,0.169771871321705,7.2776,1.05544352393032
"NCAP-DC-CON1","naca",TRUE,0.148747226519675,5.9886,1.2701152225431
"NCAP-DC-FBP1","naca",FALSE,0.0333859852638753,7.441,1.13295000557969
"NCAP-DC-FDU1","naca",FALSE,-0.0127634564767487,7.4964,1.12846875381894
"NCAP-DC-FSP1","naca",TRUE,0.255820123927469,8.5376,1.15829813559126
"NCAP-DC-KEN1","naca",TRUE,-0.0819687104014037,10.8364,1.20030128910908
"NCAP-DC-NAT1","naca",FALSE,0.541799467420386,4.8834,0.887897579917011
"NCAP-DC-NSP1","naca",FALSE,0.0281372288736613,6.802,1.22421229333308
"NCAP-DC-OLV1","naca",TRUE,0.264526847818742,6.6516,1.18730761804849
"NCAP-DC-PBP1","naca",FALSE,0.0167900810090142,8.3924,1.09080713787654
"NCAP-DC-RCC1","naca",TRUE,0.220573468609176,5.389,1.1059491962676
"NCAP-DC-RCP1","naca",FALSE,-0.149894862145228,9.813,1.20229784330706
"NCAP-DC-RCP2","naca",FALSE,-0.207885025794939,9.9792,1.23088194969088
"NCAP-DC-RCP3","naca",FALSE,0.0140066656630253,8.4248,1.10389704127493
"NCAP-DC-SHE1","naca",TRUE,0.192693916115547,8.178,1.03775304686484
"NCAP-DC-SOV1","naca",FALSE,-0.0207933763246307,5.4214,1.09034848189118
"NCAP-MD-BSP1","naca",TRUE,0.0604473113544523,8.5222,1.14811619366632
"NCAP-MD-CCC1","naca",FALSE,-0.0464266141469807,5.9806,1.26575829794387
"NCAP-MD-CRG1","naca",FALSE,-0.0309054547590267,9.716,1.19449962991755
"NCAP-MD-CVH1","naca",FALSE,-0.0375204199690927,7.542,1.15762861955126
"NCAP-MD-FFP1","naca",TRUE,-0.240287742489455,9.771,1.41101282468952
"NCAP-MD-GCP1","naca",FALSE,0.0265869336556523,8.483,1.12976381303999
"NCAP-MD-HCR1","naca",FALSE,-0.0672686267123707,9.3278,1.05705753586398
"NCAP-MD-IST1","naca",FALSE,0.00184284170298527,7.321,1.07433227540068
"NCAP-MD-KCP1","naca",TRUE,0.147347373329738,9.0912,0.987662723570707
"NCAP-MD-LFP1","naca",FALSE,-0.148904852498731,9.0594,1.27960897145338
"NCAP-MD-LFP2","naca",FALSE,-0.0362546943762067,6.6946,1.18777649522144
"NCAP-MD-LFP3","naca",FALSE,-0.0207269897541267,7.3986,1.07793804556942
"NCAP-MD-MRC1","naca",TRUE,-0.136799319291243,9.1036,1.31149191465615
"NCAP-MD-NWP1","naca",FALSE,-0.227890778639397,6.0874,1.28190869330838
"NCAP-MD-PBP1","naca",TRUE,0.0934608256663303,7.8862,1.25792131439397
"NCAP-MD-PGM1","naca",TRUE,0.0708739103832463,7.0418,1.27529527389037
"NCAP-MD-RCP1","naca",TRUE,0.0937577494344182,6.8552,1.23828091640208
"NCAP-MD-RCS2","naca",FALSE,-0.136231277349629,6.6242,1.13456238539856
"NCAP-MD-SCG1","naca",FALSE,-0.110106099076528,8.964,1.26736941932848
"NCAP-MD-SLC1","naca",TRUE,-0.0303168951169027,8.5976,1.39873712080098
"NCAP-MD-SLP1","naca",TRUE,0.0225298482617663,8.5404,1.15491757581283
"NCAP-MD-SYC1","naca",FALSE,-0.247544565018142,8.586,1.38079155453074
"NCAP-MD-TCC1","naca",FALSE,-0.207189231607439,9.5204,1.34474737742887
"NCAP-MD-TPB1","naca",FALSE,-0.0438850668690437,8.5662,1.155285461217
"NCAP-MD-WMR1","naca",FALSE,-0.171371194521074,7.3174,1.31765112260271
"NCAP-VA-ANC1","naca",FALSE,0.0383458449317383,9.064,0.975343149282226
"NCAP-VA-ARM1","naca",TRUE,0.0859560939264103,7.9172,1.24171354607498
"NCAP-VA-BAR1","naca",TRUE,0.117396864164534,5.7484,1.18818340165111
"NCAP-VA-BBP1","naca",FALSE,0.214054761211186,3.919,0.898109302960398
"NCAP-VA-BLU1","naca",FALSE,-0.0112039749204057,7.5298,1.16162895813047
"NCAP-VA-BMP1","naca",FALSE,0.0216557029939093,6.143,1.00814397327672
"NCAP-VA-BSH1","naca",FALSE,0.0995740933620543,7.1124,0.994969463273406
"NCAP-VA-CPL1","naca",FALSE,0.0917707812471213,6.1068,0.985894597627721
"NCAP-VA-DAI1","naca",TRUE,-0.13929959824173,7.5936,1.35735313073065
"NCAP-VA-DOK1","naca",FALSE,-0.0387460227245467,7.4432,1.09718481711359
"NCAP-VA-FMR1","naca",TRUE,0.223865903612733,5.6186,1.17192522020151
"NCAP-VA-FTW1","naca",FALSE,0.115349890151014,7.2078,1.03306950711039
"NCAP-VA-JDP1","naca",TRUE,0.14987213389658,8.3178,1.04298644485191
"NCAP-VA-JPP1","naca",FALSE,0.0068023360377123,6.2812,1.05978827613729
"NCAP-VA-LBJ1","naca",FALSE,-0.0601390918476167,5.1416,1.00446564413426
"NCAP-VA-LEE1","naca",TRUE,-0.0851544078432557,8.3358,1.32022231362429
"NCAP-VA-LIC1","naca",FALSE,-0.0459727321709937,7.4578,1.10908303252489
"NCAP-VA-LOF1","naca",FALSE,-0.0907188777572957,5.4704,1.12684417536726
"NCAP-VA-MBL1","naca",FALSE,-0.179992148934768,7.3068,1.32583005135086
"NCAP-VA-MCC1","naca",FALSE,-0.0260971012529977,5.6868,1.19791183254516
"NCAP-VA-MDP1","naca",FALSE,-0.0904681679967737,8.9708,1.25533363394219
"NCAP-VA-MHP1","naca",FALSE,-0.0274556981028578,7.7802,1.23149960546305
"NCAP-VA-MON1","naca",FALSE,0.0134330625468373,7.2698,1.0738894764926
"NCAP-VA-MTV1","naca",TRUE,-0.0346013992472667,6.6024,1.16678469192198
"NCAP-VA-POT1","naca",FALSE,-0.198432481132948,7.9424,1.23084736545496
"NCAP-VA-PRC1","naca",FALSE,-0.0163177793261537,6.6582,1.17645636124507
"NCAP-VA-RTP1","naca",FALSE,-0.163605772860076,9.297,1.33039279500372
"NCAP-VA-TKY1","naca",FALSE,-0.271593845420709,6.6058,1.38346996997823
"NCAP-VA-TRI1","naca",FALSE,0.0235925553341423,6.2652,1.04512555106241
"NCAP-VA-UPT1","naca",FALSE,0.0719346353235033,5.3952,1.11016370535635
"NCAP-VA-WAR1","naca",FALSE,0.138944506096465,7.7696,0.837051952506079
"01_T01","phaz",FALSE,-0.265901713733278,5.8856,0.908558052931737
"02_T02","phaz",FALSE,-0.261289121484384,6.764,0.839788693070943
"03_T03","phaz",FALSE,-0.261260531310346,7.4374,1.09869134179391
"04_T04","phaz",FALSE,-0.266057452902293,9.2756,1.04473103360938
"05_T05","phaz",FALSE,-0.263698110114115,6.4436,1.10211704115057
"06_T06","phaz",FALSE,-0.267049648553991,7.7714,0.845508732659457
"07_T07","phaz",FALSE,-0.267080273799616,5.8888,0.894759564875273
"08_T08","phaz",FALSE,-0.268138161873957,7.0874,0.9674442773028
"09_T09","phaz",FALSE,-0.267408914846233,10.6638,1.56206836326529
"1_01_AF14","phaz",FALSE,-0.267943623012286,9.2462,1.03198767420543
"1_02_EME","phaz",TRUE,-0.268808456918357,5.346,1.37530443628256
"1_03_EMW","phaz",FALSE,-0.268808456918357,7.706,1.20492919745277
"1_04_J9","phaz",TRUE,-0.268808456918357,6.6956,1.60394986549898
"1_05_MCS","phaz",FALSE,-0.268808456918357,6.7798,1.21326269260711
"1_06_T21","phaz",FALSE,-0.266117693866148,5.8054,1.22663432462705
"1_07_UMP","phaz",FALSE,-0.246635667021686,5.4602,1.12936754611191
"1_08_V9","phaz",FALSE,-0.268808456918357,6.3564,1.39419073069602
"1_09_W19","phaz",FALSE,-0.258307024253601,5.8584,1.24252090994169
"1_10_GOAT","phaz",TRUE,-0.266112181846724,7.0484,1.28809521303962
"10_T10","phaz",FALSE,-0.266184708706626,11.1712,1.44993483377855
"11_T11","phaz",FALSE,-0.250689361584833,9.7666,1.60419423008112
"12_T12","phaz",FALSE,-0.261443960216321,3.0912,0.99994126652884
"13_T13","phaz",FALSE,-0.265295562935549,9.2772,1.70274485111704
"14_T14","phaz",FALSE,-0.260730542280717,5.504,1.13412576385939
"15_T15","phaz",FALSE,-0.247477984815353,10.1052,1.64544050481656
"16_V01","phaz",TRUE,0.0621723288573811,3.822,0.887509737809643
"17_V02","phaz",TRUE,0.02310448695335,4.5388,1.13064151261397
"19_V04","phaz",FALSE,0.222388222154074,5.7684,1.3804139047799
"2_01_AF19","phaz",FALSE,0.025296020693583,2.0646,0.990869923168994
"2_02_E12","phaz",TRUE,-0.268808456918357,7.9304,1.25931450186318
"2_03_EMP","phaz",FALSE,-0.260191222449419,5.751,1.47235612761088
"2_04_I17","phaz",TRUE,-0.170488021263442,9.1548,1.53117793256441
"2_05_MCN","phaz",FALSE,-0.263752630980768,7.214,1.34244718066916
"2_06_PWP","phaz",FALSE,-0.104894668736798,4.309,1.10152697303991
"2_07_SMW","phaz",FALSE,-0.256626951049476,5.4138,1.12036628123164
"2_08_TONTO","phaz",FALSE,-0.26717808442552,9.6708,1.19746154127327
"2_09_U13","phaz",TRUE,-0.13846709145651,5.8772,1.25508374503115
"2_10_WTM","phaz",TRUE,-0.266532337515372,8.0116,1.28910736541217
"20_V05","phaz",FALSE,0.214290255527995,4.9444,1.29276559691915
"21_V06","phaz",TRUE,0.156687245087374,5.0792,1.48167689908652
"22_V07","phaz",TRUE,0.20905134279552,4.0114,0.94225665798757
"23_N01","phaz",TRUE,0.247169803951208,4.1804,1.34097557140189
"24_N02","phaz",FALSE,0.304154612076776,5.9102,1.24853823711807
"25_N03","phaz",TRUE,0.350948268897327,6.5642,1.36888755222119
"26_V08","phaz",TRUE,0.191297469219633,4.6752,0.789322219320591
"27_V09","phaz",TRUE,0.157390741707859,4.6622,0.77447473956511
"28_V10","phaz",TRUE,0.133680114510214,5.6038,1.16803185730696
"29_N04","phaz",TRUE,0.154605059691036,3.6728,0.786806185025613
"3_01_AC16","phaz",TRUE,-0.041125147360582,4.6786,1.1956537783119
"3_02_AVE35","phaz",TRUE,-0.035796132470091,2.5452,1.17500344110872
"3_03_DBG","phaz",TRUE,0.017916571784284,5.278,1.07282160177629
"3_04_O17","phaz",TRUE,-0.128751035155509,5.3612,1.73647275461653
"3_05_R10","phaz",FALSE,0.061822638893462,5.7598,1.22931127109461
"3_06_S9","phaz",FALSE,0.051830694701018,4.2642,1.37636377293472
"3_07_SME","phaz",FALSE,0.0991027178667431,5.125,1.00934570675817
"3_08_W18","phaz",FALSE,0.138110431015148,4.8528,0.888645091146968
"3_09_X12","phaz",FALSE,0.237971835261534,3.5812,1.16519444541206
"3_10_Y10","phaz",FALSE,0.128555283758637,4.5892,1.17111812535402
"30_V11","phaz",TRUE,0.245168067559169,4.6838,0.788632961769718
"31_V12","phaz",TRUE,0.119682650367931,7.0594,0.971627733285963
"32_V13","phaz",TRUE,-0.037951477841258,4.1418,1.00652639263748
"33_V14","phaz",TRUE,0.092485660728702,5.3296,1.069762926327
"34_N05","phaz",TRUE,0.00807820018350802,4.866,1.48488550972639
"35_N06","phaz",TRUE,-0.049635589145031,4.729,0.830720783057629
"36_N07","phaz",TRUE,0.00366789733787704,4.7352,1.46037923208333
"37_N08","phaz",TRUE,-0.044557955341974,4.7828,0.846739365749994
"38_N09","phaz",FALSE,-0.160119650734561,3.3356,1.08111350064656
"39_N10","phaz",FALSE,-0.125837110213486,3.6292,1.1899540151248
"4_01_AB20","phaz",FALSE,0.214860690190973,1.2118,1.02681625928209
"4_02_AE19","phaz",TRUE,0.140925067436944,3.7194,1.2133252126344
"4_03_R13","phaz",TRUE,0.309937247548997,2.5944,1.44440503363158
"4_04_RIO","phaz",TRUE,0.19658873264287,5.104,0.992663626922657
"4_05_S14","phaz",TRUE,0.353413765303865,3.5366,1.15122782502032
"4_06_V16","phaz",TRUE,0.323417590126967,3.585,1.42645783547614
"4_07_ASUW","phaz",FALSE,0.31180419696083,4.2744,1.05286577742324
"4_08_Z20","phaz",TRUE,0.285044307332574,1.5968,1.16004262843223
"4_09_AA17","phaz",TRUE,0.110504060984823,6.1184,1.5298527804681
"4_10_AC19","phaz",FALSE,0.125256816485594,5.8778,0.891193584582519
"40_N11","phaz",FALSE,-0.22575552415727,4.64,1.58420388220332
"41_V15","phaz",FALSE,-0.166200383628921,2.9518,0.920242429594422
"42_V16","phaz",TRUE,-0.103365093073963,7.7388,1.47899021038291
"43_V17","phaz",TRUE,-0.18690246666327,7.9126,0.918438863501103
"5_01_AD18","phaz",FALSE,0.34660212963386,3.3062,1.02696275029725
"5_02_AB18","phaz",TRUE,0.4532677171939,4.0628,1.28622977628707
"5_03_R14","phaz",TRUE,0.272536706218449,3.5544,1.61256339786764
"5_04_Y19","phaz",FALSE,0.361159979236593,2.2268,1.02526679181513
"5_05_T14","phaz",TRUE,0.374921133456894,4.7596,1.42387264973541
"5_06_S16","phaz",TRUE,0.336496438586939,1.7486,1.19920209186418
"5_07_TYARD","phaz",TRUE,0.359956586061586,5.276,1.34513414839392
"5_08_X18","phaz",TRUE,0.427430785766669,6.7298,1.19108173319006
"5_09_U17","phaz",TRUE,0.463647784114642,2.134,1.31422579410373
"5_10_V17","phaz",TRUE,0.467401197466105,2.283,1.05959216074366
"POOR-E01-OB1","poor",FALSE,0.0876856737572257,6.24,1.38419044811013
"POOR-E02-OB2","poor",FALSE,-0.10105680690734,7.8834,1.26369451402028
"POOR-E03-JCP","poor",TRUE,0.20309209540537,8.5964,1.14968317126018
"POOR-E04-TJP","poor",TRUE,0.0515780713641557,9.4212,1.38353655343071
"POOR-E06-BEL","poor",TRUE,0.174014529037045,6.5332,1.14243546503002
"POOR-E08-WFP","poor",TRUE,0.197438519875866,2.8014,1.51671293382259
"POOR-E11-BTP","poor",TRUE,0.119804303256947,2.936,1.28896713971205
"POOR-E12-128","poor",FALSE,0.0819986989514187,5.296,1.09280503502176
"POOR-E13-PB1","poor",FALSE,-0.199690229522784,8.0534,1.28781991599261
"POOR-E15-PB3","poor",FALSE,-0.20895711543521,7.4012,1.3813834384561
"POOR-E17-JBP","poor",FALSE,-0.117813852244552,7.4696,1.13935747993921
"POOR-E18-SW7","poor",TRUE,0.0208053180727997,6.3644,1.12883457313226
"POOR-E19-MAP","poor",FALSE,0.0369642557826477,5.4112,1.11676496757311
"POOR-E20-HOR","poor",FALSE,-0.0773157584971423,7.2506,1.07574675747466
"POOR-W01-GHP","poor",FALSE,0.0346268288570167,7.1408,1.01132582088227
"POOR-W02-MNP","poor",FALSE,-0.170296190910923,7.3206,1.36315343136988
"POOR-W03-CCP","poor",FALSE,-0.146744447048853,5.5788,1.66971499053878
"POOR-W04-WHA","poor",FALSE,-0.244614526758385,6.8934,1.25934650939531
"POOR-W09-TBP","poor",FALSE,0.0290572079273677,8.0014,1.28644044782693
"POOR-W10-HRP","poor",FALSE,0.110824760949123,5.5184,1.17521813614899
"POOR-W11-TWP","poor",FALSE,0.122252815842759,6.4566,1.1436686738768
"POOR-W13-BLP","poor",FALSE,-0.0545910699980873,9.123,1.31993160576174
"POOR-W14-PSF","poor",FALSE,0.0509369182435387,8.5298,1.45324958175441
"RCNY-C01-SNP1","rony",FALSE,-0.0914274842568824,10.6276,1.55839788269625
"RCNY-C01-TPP1","rony",FALSE,0.0467046698730626,10.8748,1.45627920050448
"RCNY-C01-TPP2","rony",FALSE,-0.101842116351864,10.989,1.45427025700042
"RCNY-C02-MWP1","rony",TRUE,0.205495104086817,9.2518,1.36248597556332
"RCNY-C02-SNP2","rony",FALSE,0.141461010437942,10.2562,1.34793358330038
"RCNY-L01-BBP1","rony",FALSE,-0.232198118619909,12.3802,1.59817357998384
"RCNY-L01-RWA1","rony",FALSE,-0.211513628277813,11.3714,1.46802352113708
"RCNY-L02- BPP1","rony",FALSE,-0.195657039493611,11.9292,1.50380838138693
"RCNY-L03-BRP1","rony",FALSE,-0.0420878465884314,12.7804,1.37584680502088
"RCNY-L03-OBP1","rony",FALSE,-0.0777056915727204,12.0258,1.71129192834326
"RCNY-L04-DEB1","rony",FALSE,-0.176456584063382,10.6778,1.59414410235832
"RCNY-L04-DEP1","rony",FALSE,-0.19219243541159,10.9784,1.67035668594814
"RCNY-L04-DEP2","rony",FALSE,-0.172009188987024,8.8094,1.62947926667881
"RCNY-S01-BSP1","rony",TRUE,0.450248261569415,7.9268,1.26038068530678
"RCNY-S01-GGP1","rony",TRUE,0.428002259209886,7.974,1.27876934988685
"RCNY-S01-HFP1","rony",TRUE,0.474745826491674,6.7744,1.35833488313116
"RCNY-S01-HLP1","rony",FALSE,0.0259218127302056,11.2142,1.4935744082243
"RCNY-S01-MHC1","rony",TRUE,0.0545906001767106,11.504,1.3681953046544
"RCNY-S02-GVP1","rony",FALSE,0.0451451355603406,12.3828,1.35492853179245
"RCNY-S02-GVP2","rony",FALSE,-0.0835400549294904,11.2756,1.34238781319267
"RCNY-S03-BDP1","rony",FALSE,-0.222767923810459,11.0444,1.4450073526629
"RCNY-S03-RIT1","rony",FALSE,-0.0306268799303444,12.797,1.17612399581452
"RCNY-S03-RIT2","rony",FALSE,-0.0422896878425324,8.4616,1.0957945031431
"BBP","safl",TRUE,0.31916962901517,4.9092,1.26018767435447
"BH1","safl",FALSE,-0.0022596796327817,8.35,1.38270834830607
"BH2","safl",FALSE,-0.0462768470147567,9.1,1.31314312585255
"BH3","safl",FALSE,-0.0178349948171077,5.7522,1.46534112237424
"BTP","safl",FALSE,0.0078273371658843,5.9228,1.25744041261535
"CFZ","safl",TRUE,0.0441197200008923,7.7688,1.23969912913826
"CW3","safl",FALSE,-0.189014281991452,7.1004,1.56767705930541
"CWA","safl",FALSE,-0.199123771192153,10.0804,1.30976293113951
"EST","safl",TRUE,0.0015201212619983,7.7778,1.64820219454253
"FLM","safl",FALSE,0.129681068065468,7.7042,1.22760081490367
"FT5","safl",FALSE,-0.190603187369803,5.8078,1.44861273491957
"FT6","safl",TRUE,-0.203547233280851,9.9588,1.51629891264173
"FTG","safl",FALSE,-0.105590861294628,10.1668,1.33975249480994
"L68","safl",TRUE,0.270142253972085,8.8356,1.24051618936764
"LE1","safl",TRUE,-0.198674850143483,8.8018,1.45689439159249
"LE2","safl",TRUE,-0.17585227915241,9.1608,1.32924668114984
"LE4","safl",TRUE,-0.158558694598902,9.9346,1.26184043692444
"LMP","safl",FALSE,-0.14005153127512,5.535,1.5989015908615
"NLJ","safl",FALSE,0.0263238268910693,3.3046,1.61812932378772
"RPM","safl",TRUE,0.23205895760479,8.7024,1.20934972003514
"SCI","safl",FALSE,0.0135464898489863,10.3922,1.10879441061407
"SCP","safl",FALSE,-0.0133007443155307,5.0774,1.31261335920604
"SCT","safl",FALSE,-0.137099224114423,9.1878,1.3464374247427
"TCB","safl",TRUE,0.260011894158873,4.5466,1.41824917632454
"TCP","safl",FALSE,0.133999341668991,3.3584,1.40497125552296
"TWL","safl",FALSE,0.236515840113644,3.7802,1.25291736374913
"WTP","safl",FALSE,0.0570485845363933,3.6618,1.47900583218942
"YCA","safl",FALSE,0.0458231158891553,4.2744,1.38082800420452
"BC_03","scut",FALSE,-0.105638324076328,3.8958,1.14995949553377
"BC_07","scut",FALSE,-0.110913395709566,5.4976,1.51527339140174
"BC_08","scut",FALSE,-0.109340008246962,3.1944,1.26100224636321
"BC_10","scut",FALSE,-0.112875650960961,6.8312,1.75057689459583
"BC_11","scut",FALSE,-0.115329042443648,4.2682,0.985120729946596
"BC_12","scut",FALSE,-0.115454790148016,3.7458,1.10445748006207
"BC_18.2019","scut",FALSE,-0.113851379213408,4.398,1.69863859446762
"BC_24.2019","scut",FALSE,-0.113787013623961,3.1784,1.21806000428337
"BC_25","scut",FALSE,-0.115632593417302,3.841,1.59756985634093
"BC_26.2019","scut",FALSE,-0.115632593417302,4.6438,1.0678715418654
"BC_28.2019","scut",FALSE,-0.115027315161422,3.259,1.24283061017386
"BC_33.2019","scut",FALSE,-0.11388760774395,4.364,1.01848488564753
"BC_34","scut",FALSE,-0.115632593417302,2.725,1.08922554251013
"BC_38.2019","scut",FALSE,-0.108817014952239,3.8032,1.12744134428225
"BC_40.2019","scut",FALSE,-0.114822401605106,4.9082,1.13667548853367
"BC_42.2019","scut",FALSE,-0.0649223986864889,3.39,1.00523733536916
"Big Cottonwood Regional Park Wetlands.2019","scut",FALSE,0.433688376625494,2.3448,1.09952478414549
"Bonneville Golf Course.2019","scut",FALSE,0.254599298938839,4.1822,1.35800294344264
"CC_01","scut",FALSE,0.0793057843413678,4.3994,1.6919965160845
"CC_05","scut",FALSE,-0.114765640627603,2.0538,1.19916352455857
"CC_06.2019","scut",FALSE,-0.114418737133306,6.5878,1.54193601466944
"CC_09","scut",FALSE,-0.11526254178219,6.3298,1.71371506495822
"CC_11","scut",FALSE,-0.115632593417302,3.3436,1.01239519398591
"CC_13.2019","scut",FALSE,-0.115632593417302,3.037,1.18334739709539
"CC_14.2019","scut",FALSE,-0.115632593417302,5.0664,0.892496694710974
"Creekside Park.2019","scut",FALSE,0.370452366399001,3.9832,0.95807167804296
"Crestwood Park.2019","scut",FALSE,0.317509037483986,3.8816,1.470242756402
"DC_01","scut",FALSE,-0.115480817930475,3.897,1.61211376216334
"DC_03.2019","scut",FALSE,-0.115632593417302,4.851,1.12847405408283
"DD_05.2019","scut",FALSE,0.284639301259286,3.95,1.60624282199194
"DD_06.2019","scut",FALSE,0.375673622566657,5.178,1.30807423781769
"DD_07.2019","scut",TRUE,0.352533070096599,3.9976,0.948353370228084
"EM_01","scut",FALSE,-0.0349127769561609,3.4654,1.57483296249855
"EM_04","scut",FALSE,-0.0935007882597092,5.1078,1.48923561753838
"EM_05","scut",FALSE,-0.0908420024821331,3.27,1.27366575085027
"EM_08","scut",FALSE,-0.115632593417302,2.8756,1.13981773845443
"General Holm Park N.2019","scut",TRUE,0.374439163184305,2.004,0.955911477779543
"JR_02","scut",TRUE,0.26843384415429,3.6304,0.778406721068543
"JR_06.2019","scut",TRUE,0.340004759776625,4.5228,1.40665414909957
"JR_07","scut",FALSE,0.438489434654884,3.385,1.51882730001586
"JR_08","scut",TRUE,0.396280474926993,2.1222,1.00432509367174
"JR_09","scut",TRUE,0.469204269776745,3.0812,0.992171074305302
"JR_12.2019","scut",FALSE,0.388686628550661,5.7108,0.822008819721504
"JR_13.2019","scut",FALSE,0.282223934559743,2.8954,0.904998698633819
"JRP_02","scut",TRUE,0.333006764932741,4.938,0.92473078536679
"LC_02","scut",FALSE,-0.105818946628311,6.3114,1.64808169538252
"LC_07","scut",FALSE,-0.109818107302215,5.1136,0.909098637149134
"LC_09.2019","scut",FALSE,-0.110049929812251,5.1058,0.917591823716292
"LC_12.2019","scut",FALSE,-0.115632593417302,4.5096,1.08320935580418
"LC_14","scut",FALSE,-0.0996389025655673,4.3234,1.52344235707265
"LC_15","scut",FALSE,-0.115414765959578,1.949,1.1640747458831
"LC_16.2019","scut",FALSE,-0.0832414135776689,3.9242,1.16169026201177
"LC_18","scut",FALSE,-0.0788073785175888,2.4026,1.02231221476264
"LC_20","scut",FALSE,-0.100083079965671,7.247,1.74590968842264
"LC_22.2019","scut",FALSE,-0.0952019301959414,1.6836,1.09367740492945
"Little Confluence.2019","scut",TRUE,0.501568322438451,4.2044,1.02236475190471
"Lost Lad.2019","scut",FALSE,-0.115518045880074,3.8026,1.12547171324537
"MC_02","scut",FALSE,-0.113389683076426,5.508,1.53844381173716
"MC_06","scut",FALSE,-0.115481380863807,5.083,1.63751253108423
"MC_08","scut",FALSE,-0.114111789973974,7.096,0.936674688402745
"MC_09.2019","scut",FALSE,-0.115323580541766,2.6092,1.06070749034596
"MC_14","scut",FALSE,-0.114789461785527,5.4746,1.50459549431743
"MC_15","scut",FALSE,-0.115239818187944,4.44,1.03354421421076
"MC_18","scut",FALSE,-0.114890685654484,4.923,1.1572980894193
"MC_19","scut",FALSE,-0.115305477204964,2.699,1.33669605792426
"MC_21","scut",FALSE,-0.115632593417302,3.1158,1.20228093883717
"MCBC_03.2019","scut",FALSE,-0.115615376774548,5.7142,1.69407565901517
"MCBC_04.2019","scut",FALSE,-0.115632593417302,4.6044,1.11200177589333
"MCBC_05.2019","scut",FALSE,-0.0952480883957815,3.975,1.17756202828815
"MCBC_10.2019","scut",FALSE,-0.115632593417302,4.752,1.08144805977042
"Mount Wire Ridgeline.2019","scut",FALSE,-0.115632593417302,5.364,1.01789548689659
"Oxbow.2019","scut",TRUE,0.415475654005378,6.039,0.978606424517447
"Parley's Point.2019","scut",FALSE,0.0752780595036597,5.3212,1.38072873598273
"PC_01","scut",FALSE,0.0196795486216437,1.2018,0.974508436771415
"PC_02.2019","scut",FALSE,-0.0873755813966954,5.348,1.03764702200144
"PC_03.2019","scut",FALSE,-0.0898123815650263,3.3752,0.979089721801157
"PC_04","scut",FALSE,-0.0871935690270584,4.8584,1.73070751708714
"PC_06.2019","scut",FALSE,-0.115632593417302,5.616,1.67137748594987
"PC_08.2019","scut",FALSE,-0.115208281490697,4.8678,1.12043484185693
"PC_09.2019","scut",FALSE,-0.0627279815582361,4.352,1.02386799009063
"PC_14","scut",FALSE,-0.112813033794769,4.8882,1.61276810614324
"PC_15","scut",FALSE,-0.114590986530645,4.9694,1.16856182863786
"PC_16.2019","scut",FALSE,-0.0978325361271276,5.6162,0.755917880704296
"PC_17","scut",FALSE,-0.114984947197616,7.1266,1.55995484929095
"PC_18.2019","scut",FALSE,-0.114870634093326,5.9186,1.14308152249672
"PC_20.2019","scut",FALSE,-0.115632593417302,4.0206,1.19769049946407
"PC_22","scut",FALSE,-0.0798378535659587,4.9308,0.864268911942591
"PC_26","scut",FALSE,-0.115013859530164,3.6992,1.07543045806506
"PC_27","scut",FALSE,-0.11527668067333,6.1558,0.944301170676066
"PC_29","scut",FALSE,-0.115578183337119,7.6914,1.61514326843024
"PC_31.2019","scut",FALSE,-0.115543742743757,7.504,1.0202902520556
"RB_08","scut",FALSE,-0.115515081236162,5.287,1.53189436322092
"RB_09","scut",FALSE,-0.115632593417302,5.724,1.11412398522377
"RB_10","scut",FALSE,-0.115632593417302,3.0532,0.898961281856597
"Spring Gulch","scut",FALSE,-0.0311906930166154,5.794,1.61210538636758
"Sunnyside Park.2019","scut",FALSE,0.351022608646327,4.088,0.984911168584254
"Upper Hell Canyon","scut",FALSE,-0.106632306966429,4.192,1.22467790344786
"WF_02.2019","scut",TRUE,0.427477563950366,4.1038,1.00778404717337
"WF_03.2019","scut",FALSE,0.444918023158551,3.7366,0.842473971395257
"BGP1","sewa",FALSE,0.149802542184856,6.3308,1.08554458287455
"BRF1","sewa",TRUE,0.0766157303898379,4.9292,1.23291985882119
"DOS1","sewa",FALSE,-0.296955304949849,5.9642,1.62167947784566
"DRP2","sewa",FALSE,0.207381116946297,6.4782,1.14498338738668
"DSP1","sewa",FALSE,-0.262532681177991,8.5192,1.29767798533794
"DWP1","sewa",TRUE,0.394779710823022,4.4052,1.11465754933543
"FGL1","sewa",TRUE,0.113607940762995,5.8214,1.26420792765149
"FRD1","sewa",FALSE,-0.364686106447424,9.804,1.49787607182481
"HCN1","sewa",TRUE,0.268287853504917,5.1294,1.30115112068036
"HFW1","sewa",FALSE,0.144223798468406,8.4614,1.13047142074739
"IRP1","sewa",FALSE,0.0366758728603949,5.424,1.09492637777823
"JBP1","sewa",FALSE,-0.0827600934851111,7.5986,1.17921844932576
"LTP1","sewa",FALSE,0.225741768445568,2.568,0.743697934193356
"LWP2","sewa",FALSE,0.0879253777971019,5.5324,1.16035318929401
"MBC1","sewa",FALSE,-0.19125011604773,9.5466,1.41712034987054
"MGP1","sewa",FALSE,-0.187020015256254,6.7522,1.39899485249927
"MPO1","sewa",FALSE,-0.278604230297718,7.7456,1.54536671106062
"MSR1","sewa",TRUE,0.253013953179042,6.5792,1.16430171334407
"MWP1","sewa",TRUE,0.326425795438628,6.5452,1.16731721733948
"NRP1","sewa",FALSE,0.0542637254136249,7.7622,1.2297778786131
"PGP2","sewa",TRUE,-0.0696900036867041,4.6528,1.39608093189245
"PHY1","sewa",FALSE,0.228220378949233,5.2428,1.03868375013117
"RHF1","sewa",FALSE,-0.364314794313076,8.9138,1.49493027372672
"RVP1","sewa",FALSE,0.218947421885279,5.1576,1.02614464602556
"RWP1","sewa",FALSE,-0.326709891844478,7.314,1.36827571625281
"SVP1","sewa",FALSE,-0.143911146664018,5.3634,1.35547331275105
"SWD1","sewa",FALSE,-0.0829197426525571,8.524,1.16193546240906
"TCC1","sewa",FALSE,0.0567426171127909,4.818,1.23043845671336
"TMF1","sewa",FALSE,-0.359531188695421,8.2712,1.57116016651829
"TMP1","sewa",TRUE,0.228989388992274,5.4492,1.35874522914325
"TRN1","sewa",FALSE,-0.292179450333054,5.9948,1.44124543283909
"WCP2","sewa",FALSE,0.129243974313831,2.0022,0.959572465144333
"WDG1","sewa",FALSE,0.10217579838329,4.3008,1.09295849493672
"ARH1","slmo",TRUE,0.241003148547894,8.2844,1.33875878896051
"BBP1","slmo",FALSE,0.027334958464488,10.0254,1.26833614444873
"BDP1","slmo",FALSE,0.00184639466084607,14.0216,1.22418673683116
"BEN1","slmo",TRUE,0.329898549749076,8.6516,1.16725744289235
"CHP1","slmo",FALSE,0.322675072838115,7.6842,1.16976238134322
"EMG1","slmo",FALSE,-0.0773053025137609,12.7526,1.15933690203085
"FRP1","slmo",FALSE,0.171338352564483,9.6826,1.15400328626783
"KWP1","slmo",FALSE,-0.0988598401604829,9.5878,1.37995362762771
"LAF1","slmo",TRUE,0.317034806275246,8.839,1.23603582347413
"LKL1","slmo",TRUE,0.460518206363639,9.734,0.801356621290981
"MEP1","slmo",FALSE,0.510747936181168,6.6066,1.15156487456507
"MLP1","slmo",FALSE,-0.0154361936529369,11.8442,1.20308596665768
"OWP1","slmo",FALSE,-0.050914417330355,11.0828,1.2540568933419
"PVC1","slmo",FALSE,-0.189239185040172,12.1282,1.23258614860088
"RBP1","slmo",FALSE,0.138431500984228,10.357,1.06704204028855
"RDP1","slmo",FALSE,0.0446293455194671,11.8624,1.21629030762499
"RRC1","slmo",TRUE,0.0277923434535731,10.276,1.49314094913333
"RSP1","slmo",FALSE,-0.303760529636721,12.555,1.47668924362049
"RSP2","slmo",FALSE,-0.280838029039264,12.1586,1.58743504749202
"SHC1","slmo",FALSE,0.0181139329600121,9.998,1.25248143377393
"SSP1","slmo",FALSE,-0.0371921601083729,11.4404,1.0911855832971
"SWP1","slmo",FALSE,-0.013998487491986,11.2856,1.24271537702793
"TGP1","slmo",TRUE,0.120147998786926,8.2748,1.51978515237578
"TGP2","slmo",TRUE,0.226977202311082,12.5684,1.11048101001986
"TLP1","slmo",TRUE,0.265946504074075,8.3348,1.33711126437057
"TRC1","slmo",FALSE,-0.361049279279685,13.4916,1.2895976319808
"TRC2","slmo",FALSE,-0.363380309670932,14.1656,1.50260713616072
"TRC3","slmo",FALSE,-0.311202274938122,11.9518,1.56421421589968
"TRP1","slmo",TRUE,0.278973077227087,3.3946,1.11352540508313
"UGP1","slmo",FALSE,-0.00157002708084997,11.0586,1.2468668635404
"WBC1","slmo",FALSE,-0.0261652301239659,7.335,1.37184233433659
"WBS1","slmo",FALSE,-0.356583186927612,15.0898,1.19114219299997
"WTP1","slmo",FALSE,-0.341386540842318,15.4918,1.38777445703137
"WTP2","slmo",FALSE,-0.363975786338553,10.0976,1.55864046913405
"WTP3","slmo",FALSE,-0.310552550785317,13.1086,1.5673217089889
"B-TP","tawa",FALSE,-0.245318149805417,6.2292,1.03309284005032
"G-CBP1","tawa",FALSE,0.0693266789433621,6.5936,1.18740095342931
"G-CLP2","tawa",FALSE,0.0834390172171551,6.9668,1.29260664023719
"G-FP1","tawa",FALSE,0.162988542316241,6.1548,1.01441745280417
"G-IP","tawa",TRUE,0.212730583778034,5.5668,1.17448441570271
"G-JP","tawa",FALSE,0.159367650521088,7.9284,1.27498963121742
"G-KP","tawa",FALSE,0.186313226250809,5.0686,0.978000683572058
"G-OTP","tawa",TRUE,0.244467883647017,6.5562,1.15909890089345
"G-SB","tawa",FALSE,-0.246664403553477,7.2886,1.34434798110417
"G-SERA","tawa",TRUE,0.193240712636592,6.057,1.27376430123435
"G-SP","tawa",TRUE,0.215476120683986,4.7676,1.2273106771717
"G-TNC2","tawa",FALSE,0.136235015051366,9.3564,1.06714891245799
"G-VP","tawa",FALSE,0.0207494368116541,8.7016,1.19081528719178
"G-WLP2","tawa",TRUE,0.224836577988279,5.9542,1.27122994187245
"G-WP2","tawa",FALSE,0.0873593712780371,4.976,0.943611191336815
"P-BLP","tawa",FALSE,0.0502419826832131,7.7564,1.21398261550903
"P-CCP","tawa",FALSE,-0.142444224303985,9.3362,1.34578296406117
"P-CUP","tawa",FALSE,-0.0036507043947428,7.7138,1.21251127694523
"P-DPV","tawa",FALSE,-0.433594832467297,10.0594,1.4806451641161
"P-GP","tawa",FALSE,-0.00718347109641887,8.7434,1.21055752854046
"P-GW1","tawa",FALSE,0.334137057567779,3.2612,1.04191730878015
"P-JCP","tawa",FALSE,0.121141737632168,4.248,1.04341446355154
"P-LCC","tawa",TRUE,-0.0410256518711678,5.4466,1.1296918521155
"P-MCP","tawa",TRUE,0.328883652902755,4.699,1.19376882887909
"P-MKP2","tawa",FALSE,0.25636768311524,6.8548,1.25109152582903
"P-OB","tawa",FALSE,-0.428775100427581,8.1306,1.46053766608561
"P-OLT","tawa",FALSE,-0.424811948995425,10.4712,1.35201188871601
"P-OV2","tawa",FALSE,-0.416353012955573,8.9554,1.4526640652874
"P-PCNA1","tawa",FALSE,0.0342135956338852,8.615,1.18501301729991
"P-PDP","tawa",FALSE,-0.180164345730409,6.6068,1.17561480682867
"P-RP","tawa",FALSE,0.147537386071904,8.7682,1.21653801952532
"P-RT","tawa",TRUE,0.143595440652674,5.8696,1.22625306495677
"P-RWSR","tawa",FALSE,-0.410299367345005,10.5178,1.36031365892214
"P-SCP1","tawa",TRUE,-0.0777740723626578,8.3742,1.40419682158263
"P-STP","tawa",FALSE,-0.1055917293017,9.2926,1.35873267087171
"P-TE1","tawa",FALSE,-0.40075348137728,10.6458,1.37488924066079
"P-UCC","tawa",FALSE,-0.20449612929976,6.405,1.09508668285602
"P-UWT","tawa",TRUE,0.338861910068614,6.01,1.29577614083662
"P-WBC","tawa",TRUE,-0.0164759473018858,9.0834,1.30199211852274
"P-WP","tawa",TRUE,0.163789610858381,5.1176,1.00377873774596
"P-WWP","tawa",TRUE,-0.129924301720456,7.631,1.4386288369785
"UT10a-MA","uril",FALSE,0.262380736162964,6.7268,0.804916976009112
"UT11b-PN","uril",FALSE,0.135484339528526,10.4696,0.655409606544236
"UT12a-CW","uril",FALSE,-0.0893250614459651,8.074,0.969903161366374
"UT13b-EX","uril",FALSE,0.000828755858333904,8.9244,0.906227835468518
"UT14a-FF","uril",FALSE,-0.0972644632991903,11.6774,1.3759752547122
"UT15a-FP","uril",FALSE,-0.0809376152356091,10.326,1.3421193154304
"UT16a-BC","uril",FALSE,-0.0043999395317551,10.7184,0.792986258040509
"UT17a-SW","uril",FALSE,-0.0603038712241123,4.118,0.978093724275283
"UT17b-SW","uril",FALSE,-0.0284195246146131,10.9206,0.885919076734497
"UT18a-WT","uril",FALSE,-0.0353511045089997,13.0424,0.918678961447818
"UT19a-ND","uril",FALSE,-0.0883988121341861,9.7758,1.19189701052429
"UT1a-HL1","uril",FALSE,-0.0937401079983307,12.2472,1.02230190268631
"UT20b-EF","uril",FALSE,-0.0596965953719209,12.1052,0.99051965444264
"UT21a-PR","uril",FALSE,0.23306663508802,12.3874,0.605800824469384
"UT22a-CS","uril",FALSE,0.391350186068036,11.813,1.05709720030761
"UT23a-BU","uril",TRUE,0.281343455907051,10.584,0.724878672481101
"UT24a-MB","uril",FALSE,0.0667661903976589,12.4794,1.07842859830789
"UT25a-HH","uril",FALSE,0.297278020013638,6.8066,1.16321410471619
"UT26a-JH","uril",FALSE,-0.0693462609509818,12.0824,1.22699280448927
"UT27a-RB","uril",FALSE,-0.0726814134756161,11.1746,1.29168437696906
"UT28a-SH1","uril",FALSE,-0.104399133786296,11.3832,1.46409920336549
"UT29a-SH2","uril",FALSE,-0.0893193291444461,13.3738,1.24257086577438
"UT2a-HL2","uril",FALSE,-0.109274277913847,11.2472,1.02659775013786
"UT30b-AZ","uril",FALSE,-0.0950969793735904,10.862,0.851528637336432
"UT31a-VM","uril",FALSE,0.282303033047227,9.4338,0.639765128687065
"UT32a-DB","uril",FALSE,-0.0835350033693925,9.0142,0.946877856713899
"UT33a-CR","uril",FALSE,-0.0904413676434763,6.923,0.907984519238866
"UT34a-SY","uril",FALSE,-0.0911699066035471,10.9034,0.874883720447958
"UT3a-HL3","uril",FALSE,-0.0972652831359608,10.8836,1.41860971754255
"UT4a-HL4","uril",FALSE,-0.0986343191129184,9.9678,1.24526033208279
"UT5a-TW","uril",FALSE,-0.104822338602744,12.4564,1.06561069121375
"UT6a-PT","uril",FALSE,-0.104608302840738,11.2698,1.02450860590661
"UT7a-BR","uril",FALSE,-0.0723996356700004,9.4298,1.07856600211771
"UT8a-WL","uril",FALSE,0.0585099478624509,11.8492,0.863833665540041
"UT9a-CO","uril",FALSE,-0.088480652945668,10.6182,1.13220366411146
"ASP","wide",FALSE,-0.0713218006803087,7.2568,1.32665208745633
"BCP","wide",FALSE,-0.216710478285598,11.9882,1.50296791133693
"BKP","wide",FALSE,-0.0702586834356547,10.885,1.40362709927059
"BNP","wide",TRUE,0.0289598428258542,10.5094,1.36948411357981
"BNP3","wide",TRUE,0.120446300160948,7.992,1.29177000040518
"BRG","wide",FALSE,0.0196213235637453,10.097,1.31070003697161
"CBP2","wide",TRUE,0.260098120363892,10.2082,1.39915842164416
"CMP","wide",TRUE,0.1077652269564,10.7286,1.38265121591708
"CWP","wide",TRUE,-0.0444007630689977,11.9534,1.44112588234399
"DEC","wide",TRUE,0.139855825403841,10.8658,1.22543490163273
"FLW","wide",FALSE,-0.205314298753851,11.9112,1.3888485662836
"FZS","wide",TRUE,-0.0885982697152327,12.6826,1.34974871895507
"GLP2","wide",FALSE,-0.108945200041405,9.448,1.09869806019921
"JSC","wide",FALSE,-0.23415987429976,12.8004,1.32412631651985
"LMC","wide",FALSE,-0.178410105685999,12.075,1.61415491797406
"LMR2","wide",FALSE,0.104433780315684,10.896,1.20177903733212
"MAR","wide",FALSE,-0.24063046470521,13.6316,1.5178742465849
"MRP","wide",TRUE,0.0976312040949023,9.1164,1.49455604764623
"RPL3","wide",FALSE,-0.0104106789161507,10.7674,1.15670429798051
"RPW","wide",TRUE,0.0549403507454343,11.6308,1.38624517858099
"RVC","wide",TRUE,0.347237065738379,8.2616,1.44457010787269
"SBP","wide",FALSE,-0.0140953941083537,10.3362,1.32314765009079
"SLP","wide",TRUE,0.187414594761894,9.2786,1.52205301125612
"SMP","wide",FALSE,0.0318154368776543,12.5662,1.34565215265431
"SSL2","wide",FALSE,-0.0889782480303267,12.864,1.17225374205722
"SSL3","wide",FALSE,-0.200551120303368,10.273,1.50470057644867
"WBC","wide",TRUE,0.350095253391415,9.1694,1.33800661147039
"WIDE-A08-GLP1","wide",FALSE,0.127296400476225,5.7032,0.806746507885592
"WIN2","wide",FALSE,-0.204825345646055,12.8612,1.28975472608194
